Temperature,Salinity,pH,DO,Alkalinity,COD,NH4N,H2SiO3,PO4,NO2,NO3,Cu,Zn,As,Cd,Pb,Hg,Cr,Oil,,,,,,,,Temperature,Salinity,pH,DO,Alkalinity,COD,NH4N,H2SiO3,PO4,NO2,NO3,Cu,Zn,As,Cd,Pb,Hg,Cr,Oil
23.5613683,22.86135455,8.428181562,6.610381514,1.636428472,1.334331587,0.242370828,1.778774851,0.05391994,0.028005387,0.162699075,33.03256957,205.8810615,6.326497226,1.741809125,16.56681586,0.163698782,3.544150468,0.326060608,,,,,,,Min,17.97,17.3,7.58,5,1.3,0.08,0,0.01,0,0,0.0012,0.71,0,0.68,0.025,0.01,0,0,0
20.51793222,19.41862566,8.195260579,5.84205844,1.444979378,0.195499638,0.133337479,0.091973837,0.02798568,0.01038445,0.003891935,10.58711364,138.1945118,2.19531327,0.704266973,2.199634098,0.011548671,1.482361762,0.165912697,,,,,,,Max,30.38,34.2,8.55,9.5,2.55,2.66,0.4609,3.13,0.0801,0.096,0.8942,49.4,266.87,13.05,2.56,92.11,0.27,6,0.4156
28.84242919,26.42246302,8.460700396,8.022283708,1.966783977,2.467180959,0.409038362,2.365237758,0.064921232,0.080564914,0.632604326,43.22986222,234.2230389,11.4783339,2.492419235,84.3293356,0.236787344,5.656692963,0.393515727,,,,,,,Average,24.175,25.75,8.065,7.25,1.925,1.37,0.23045,1.57,0.04005,0.048,0.4477,25.055,133.435,6.865,1.2925,46.06,0.135,3,0.2078
30.3114386,27.37512232,8.466567852,8.304888562,2.101926466,2.519619698,0.408470941,2.459829892,0.076703086,0.060267585,0.810735651,44.19306319,230.4339771,10.76841261,2.31963088,91.22716459,0.211518719,5.320058055,0.415424304,,,,,,,Standard deviation,2.068333333,2.816666667,0.161666667,0.75,0.208333333,0.43,0.076816667,0.52,0.01335,0.016,0.148833333,8.115,44.47833333,2.061666667,0.4225,15.35,0.045,1,0.069266667
29.45524996,30.16640907,8.523818322,7.303238341,2.263055374,2.022550314,0.426349136,2.751538662,0.070034917,0.071982345,0.765004336,46.24143143,252.1486391,10.73655278,2.542670026,87.10692827,0.266134389,5.378349585,0.410015677,,,,,,,,,,,,,,,,,,,,,,,,,,
30.05086559,30.04428364,8.528059432,7.164553132,2.439420446,2.523972478,0.354476441,2.319658671,0.079513476,0.089403589,0.793986722,42.24296889,225.5378102,11.88683992,2.321050038,87.52170547,0.232571507,5.462248632,0.407898692,,,,,,,,12.41,16.9,0.97,4.5,1.25,2.58,0.4609,3.12,0.0801,0.096,0.893,48.69,266.87,12.37,2.535,92.1,0.27,6,0.4156
18.68976437,18.47988589,7.908354772,5.039054738,1.387883304,0.147317363,0.078107928,0.02733359,0.000135538,0.006227506,0.002928794,0.791720126,23.34767677,1.416926275,0.107839971,0.111664602,0.004361622,0.414404485,0.069211549,,,,,,,,12.41,16.9,0.97,4.5,1.25,2.58,0.4609,3.12,0.0801,0.096,0.893,48.69,266.87,12.37,2.535,92.1,0.27,6,0.4156
19.25112135,17.53989762,7.60343118,5.357553411,1.378310916,0.122011172,0.004747562,0.045558248,0.000972801,0.007381848,0.00227557,2.928768775,99.82192346,0.788653177,0.132385645,0.107899771,0.004699629,0.402171431,0.066247157,,,,,,,N Std,2.068333333,2.816666667,0.161666667,0.75,0.208333333,0.43,0.076816667,0.52,0.01335,0.016,0.148833333,8.115,44.47833333,2.061666667,0.4225,15.35,0.045,1,0.069266667
23.42535667,22.12405195,8.365676004,6.235325148,1.595876959,1.528116667,0.23983661,0.822640093,0.055032031,0.028273153,0.309310929,27.42287443,188.3018407,6.832566271,1.776004423,17.96196924,0.100880162,4.580110833,0.345585235,,,,,,,N Mean (Max),24.175,25.75,8.065,7.25,1.925,1.37,0.23045,1.57,0.04005,0.048,0.4477,25.055,133.435,6.865,1.2925,46.06,0.135,3,0.2078
18.42131227,17.76305267,7.738510404,5.0954659,1.409947845,0.110644962,0.015977574,0.053741212,0.003832041,0.002281371,0.002147618,2.415970287,47.10166312,0.704698457,0.078714097,0.141954198,0.000580431,0.048927634,0.022456241,,,,,,,N Mean (Min),24.175,25.75,8.065,7.25,1.925,1.37,0.23045,1.57,0.04005,0.048,0.4477,25.055,133.435,6.865,1.2925,46.06,0.135,3,0.2078
23.34441796,22.06814346,8.407112595,6.148549491,1.594037546,1.432097284,0.223743002,1.385677427,0.048792082,0.02592873,0.349381418,29.78001503,150.856123,8.436102298,1.823576649,50.65670258,0.119645311,3.420203858,0.357475496,,,,,,,Average,24.82,31.1,8.08,6.9,2.06,0.74,0.0213,0.42,0.011,0.015,0.0728,6.7,18.48,4.82,0.38,2.77,0.06,1.6,0.0305
19.35995785,17.593226,7.581371378,5.185995817,1.342065296,0.096460933,0.092525029,0.044686918,0.00938244,0.007029186,0.003529506,1.027804255,53.59306827,1.582232504,0.072151543,0.013363488,0.008099042,0.083030778,0.02019145,,,,,,,Standard deviation,2.1,3.32,0.18,0.66,0.22,0.38,0.05,0.42,0.01,0.02,0.13,6.52,17.94,2.36,0.32,7.88,0.06,1.21,0.04
23.71720653,21.04295515,8.404528371,6.091466856,1.584260635,0.952613425,0.296069302,0.61799925,0.048266008,0.026845577,0.155119834,25.73550204,224.0473985,9.614691797,2.076740025,33.74448791,0.157128602,5.177427447,0.30407992,,,,,,,,,,,,,,,,,,,,,,,,,,
23.72894214,22.39027512,8.407500689,6.070629082,1.595620287,1.592909406,0.298522335,1.000139731,0.042515611,0.052454361,0.276278403,31.11974492,172.9667975,7.811620544,1.733011488,53.20524408,0.09162035,3.467474577,0.341995923,,,,,,,,,,,,,,,,,,,,,,,,,,
18.39817875,18.38897398,7.621870706,5.03712239,1.323586278,0.084113686,0.05020072,0.044354478,0.001060055,0.009873716,0.002864301,4.094112201,8.870019344,1.457785009,0.116693669,0.158240179,0.006730591,0.844818186,0.002476484,,,,,,,,,,,,,,,,,,,,,,,,,,
22.98379608,23.00152243,8.368233725,6.390947652,1.60219142,1.114896186,0.213750981,1.951849094,0.06137952,0.044155322,0.429992524,29.51115953,213.0183701,7.416567712,1.115099462,50.96648508,0.147911875,4.913597146,0.343317358,,,,,,,,,,,,,,,,,,,,,,,,,,
22.63348664,22.72822623,8.434527165,6.082450579,1.725231618,1.872569091,0.306535157,1.640215153,0.051792876,0.024672364,0.065653257,30.10851652,201.3505757,7.119710983,2.11314362,82.01560162,0.104744492,4.848976105,0.382772072,,,,,,,,,,,,,,,,,,,,,,,,,,
27.937052,25.10735759,8.504083919,7.655479006,1.775039629,1.965178623,0.414828502,2.804534651,0.0687597,0.088720985,0.66794285,33.29610251,239.5625521,10.50287934,2.434306414,88.42657403,0.209356992,5.637748713,0.400517575,,,,,,,,,,,,,,,,,,,,,,,,,,
29.94500893,33.67542561,8.537973311,7.162598325,2.520948124,1.964754998,0.362864174,3.044991315,0.078165251,0.066394331,0.769919432,35.98805877,256.6735703,11.43505353,2.55528257,87.66197948,0.256650185,5.864703288,0.413157394,,,,,,,,,,,,,,,,,,,,,,,,,,
18.12021682,17.79578462,7.725460342,5.250697041,1.378684541,0.144356406,0.095458095,0.011726196,0.003266307,0.006988035,0.002411977,1.821358649,0.200034756,1.665207646,0.065117873,0.149784062,0.003532713,0.133923793,0.016240143,,,,,,,,,,,,,,,,,,,,,,,,,,
21.11728,19.54419951,7.983642914,5.895056201,1.479053101,0.36677414,0.181182368,0.130538017,0.013894776,0.015871296,0.017293319,22.08088172,130.3339428,5.729530536,0.745882087,3.078640408,0.053577243,1.563536521,0.198888194,,,,,,,,,,,,,,,,,,,,,,,,,,
18.22615356,18.77738952,7.64291892,5.368959986,1.339973127,0.141882671,0.088157202,0.059126961,0.006362233,0.006315231,0.003388766,1.070281342,33.42286508,0.726205598,0.114801963,0.105672306,0.008340479,0.848073068,0.113022956,,,,,,,,,,,,,,,,,,,,,,,,,,
24.26166267,28.80223731,8.507594599,7.261735569,2.071167194,2.270198558,0.349074097,2.336544939,0.073182726,0.068587975,0.648272282,39.56377166,241.019722,11.51936428,2.282697,90.80334458,0.232384286,5.481890018,0.402261746,,,,,,,,,,,,,,,,,,,,,,,,,,
20.7227394,19.43988715,8.241196891,5.567300527,1.537895166,0.392260831,0.137557923,0.119464202,0.027451188,0.019612582,0.031217795,21.8507958,139.115823,4.230485052,0.662956686,0.98703965,0.029347762,1.361915625,0.208760187,,,,,,,,,,,,,,,,,,,,,,,,,,
20.47846454,19.36153033,8.156923506,5.607242403,1.46246359,0.471315446,0.159748974,0.100205757,0.012962745,0.018342549,0.016814789,14.47321512,105.298768,3.896671848,0.753133561,1.408123936,0.024860652,1.051697107,0.261821019,,,,,,,,,,,,,,,,,,,,,,,,,,
24.22235642,24.80072803,8.472453542,9.166182889,1.732959935,2.417885903,0.412864919,2.883781203,0.064694284,0.095624473,0.894023356,40.54850868,237.6672682,12.57257357,2.438891216,86.42852043,0.236335185,5.909656932,0.391671322,,,,,,,,,,,,,,,,,,,,,,,,,,
23.16407906,21.19786737,8.405818329,6.480057949,1.652861197,1.880801266,0.287811183,0.492261315,0.056332376,0.025742748,0.341905526,26.99691436,194.4273556,10.04407714,1.919587984,66.19604135,0.067576881,3.162092936,0.364744632,,,,,,,,,,,,,,,,,,,,,,,,,,
18.06321409,17.5787168,7.634266154,5.433967423,1.325930021,0.094434323,0.029186209,0.011872082,0.00044183,0.007688962,0.001997004,0.913416252,9.768467813,1.75442278,0.074233166,0.091657881,0.007061962,0.411317998,0.100479821,,,,,,,,,,,,,,,,,,,,,,,,,,
19.15412831,17.84074221,7.843201214,5.150223688,1.339754221,0.099125881,0.087235441,0.048687418,0.00809916,0.000897487,0.001631609,2.182560091,99.43914901,0.834600727,0.055097301,0.132487712,0.005850252,0.508578242,0.0260307,,,,,,,,,,,,,,,,,,,,,,,,,,
20.05746962,20.20987623,8.018674364,5.675677882,1.570771385,0.463304151,0.169964471,0.131689761,0.01197066,0.01717012,0.005685824,10.45100364,102.4770429,2.505295715,0.854805045,0.24801829,0.028445852,1.505837156,0.195094023,,,,,,,,,,,,,,,,,,,,,,,,,,
22.69528487,21.51048308,8.412435626,6.535198847,1.706499968,0.817282286,0.266086964,1.776561544,0.049226274,0.034425877,0.084874211,31.09846048,166.9485743,8.161443168,1.298182977,78.068638,0.153994876,2.870362216,0.373921794,,,,,,,,,,,,,,,,,,,,,,,,,,
20.6475892,19.14053409,8.069763326,5.709809639,1.536251338,0.322575533,0.187720989,0.088695527,0.018076402,0.012280715,0.024831293,23.10960722,132.655208,4.63427744,0.564697892,0.371463865,0.043015427,1.291422063,0.156517071,,,,,,,,,,,,,,,,,,,,,,,,,,
26.36331621,24.3423926,8.442863229,9.027056343,2.281371426,2.08163204,0.432721383,2.776957749,0.077800866,0.063364337,0.819668779,40.85661416,260.0012362,12.96830142,2.541881005,86.81020363,0.231909849,5.567865909,0.41419168,,,,,,,,,,,,,,,,,,,,,,,,,,
20.10543326,19.8694971,8.07477203,5.596268595,1.43676815,0.463992492,0.174166079,0.13333921,0.011600731,0.01135675,0.013939596,20.01533876,131.5095226,4.115414459,0.198017164,3.29279136,0.054232689,1.080013783,0.177557944,,,,,,,,,,,,,,,,,,,,,,,,,,
30.20171451,28.33584637,8.452837998,8.261736352,2.206441158,2.538267851,0.322051433,2.297381725,0.07844004,0.07986092,0.51819547,33.52752339,239.0586632,10.91887525,2.468006469,86.79813668,0.189863248,5.94716014,0.409865939,,,,,,,,,,,,,,,,,,,,,,,,,,
19.64198695,18.70339768,7.681462582,5.149922391,1.308551346,0.096274438,0.033023043,0.031299571,0.004362412,0.000602502,0.00158793,2.135285524,34.64447507,0.875114507,0.09592213,0.081471117,0.002401862,0.519923595,0.09410006,,,,,,,,,,,,,,,,,,,,,,,,,,
19.91147202,19.05443063,8.073857041,5.820625085,1.520231632,0.478808828,0.100234777,0.132598281,0.026287305,0.013145708,0.020962645,13.7203364,149.1731377,4.620494373,0.360637092,0.600463855,0.048311271,1.66848497,0.151819676,,,,,,,,,,,,,,,,,,,,,,,,,,
21.14757945,19.86743525,8.268375348,5.938333135,1.495344342,0.453143725,0.120691286,0.062924759,0.019175741,0.010225489,0.014465303,25.32176266,128.1625712,2.167291872,0.40515724,4.085981733,0.034278345,1.165386801,0.259141925,,,,,,,,,,,,,,,,,,,,,,,,,,
18.3481339,18.78716746,7.814456837,5.346310837,1.322409679,0.098111476,0.06460974,0.020539381,0.003210297,0.005676168,0.002870316,2.144445781,92.62727893,0.695640098,0.053375056,0.057435646,0.003692131,0.180533512,0.04530114,,,,,,,,,,,,,,,,,,,,,,,,,,
20.99056212,19.57631381,8.113340869,5.817680252,1.543742837,0.434290345,0.189203771,0.11072808,0.018742024,0.017094547,0.005624204,14.91738942,125.3630777,3.565132261,0.765935545,1.088727232,0.019038108,1.628357356,0.156273395,,,,,,,,,,,,,,,,,,,,,,,,,,
22.86927679,22.83384299,8.393310366,6.363703098,1.696617525,0.924552884,0.241944953,1.242743042,0.041502267,0.054872034,0.226278099,28.07505994,193.0268853,8.492323956,1.78301292,18.50717343,0.061096342,2.147349678,0.336047407,,,,,,,,,,,,,,,,,,,,,,,,,,
20.85731337,19.50753209,8.198746214,5.622635956,1.489044498,0.362490964,0.105944954,0.097275964,0.023706352,0.015106731,0.018502016,21.59296556,124.6253322,3.786345677,0.731673271,1.890924078,0.0174066,1.201147312,0.213134719,,,,,,,,,,,,,,,,,,,,,,,,,,
18.36979768,17.44575268,7.94321582,5.362979837,1.380273031,0.099213519,0.091965205,0.047592305,0.008440396,0.000623399,0.002301386,4.080787155,79.21173344,0.683960803,0.030326012,0.08975689,0.007703307,0.930121503,0.030583982,,,,,,,,,,,,,,,,,,,,,,,,,,
22.89068187,21.13336674,8.365362831,6.466992906,1.66410567,0.790765212,0.295172913,0.526671726,0.061663315,0.033954348,0.252047046,25.56269471,209.9595436,8.926491474,1.974856651,72.95351508,0.159618228,4.495296867,0.308244888,,,,,,,,,,,,,,,,,,,,,,,,,,
27.18914063,33.0210209,8.501192632,6.933708229,2.289451248,2.412739258,0.359577178,2.784435978,0.078183006,0.095017459,0.487727657,35.06676262,227.0494593,10.62980488,2.364230713,91.58497809,0.258091035,5.842295708,0.392162446,,,,,,,,,,,,,,,,,,,,,,,,,,
23.09982142,21.9981602,8.431257015,6.247552807,1.714675552,1.542253487,0.241423698,0.672722006,0.032651074,0.028408621,0.314914091,26.67750659,221.7139406,6.27169062,2.026203096,30.49378479,0.136103514,3.712125305,0.365966005,,,,,,,,,,,,,,,,,,,,,,,,,,
22.48156788,22.73126874,8.36740669,6.479594664,1.661621981,0.847380276,0.203435053,0.916863211,0.033964152,0.034790781,0.421114494,31.4767992,181.4151811,9.399728527,1.416583834,20.71341129,0.13837038,3.873668769,0.370112443,,,,,,,,,,,,,,,,,,,,,,,,,,
18.73944267,17.43336373,7.814899582,5.25674148,1.349684283,0.093687109,0.063942201,0.055017134,0.002007982,0.001525228,0.0023377,3.007930643,56.61722757,0.999101029,0.04359009,0.144083592,0.00287764,0.665037932,0.061768007,,,,,,,,,,,,,,,,,,,,,,,,,,
20.461114,19.74540214,8.060870707,5.905165713,1.435751595,0.29703749,0.114616762,0.080285386,0.025211225,0.016016057,0.036684916,11.73135027,132.8388416,4.012141707,0.158060272,0.360905335,0.044634622,1.500497593,0.284868503,,,,,,,,,,,,,,,,,,,,,,,,,,
27.92769722,32.7566814,8.481326934,6.945981431,2.48933917,1.990910932,0.337410122,2.763357468,0.076071247,0.066166567,0.639984708,47.1604148,241.1204474,11.09300841,2.558912592,85.86123555,0.265488433,5.542058798,0.412562167,,,,,,,,,,,,,,,,,,,,,,,,,,
24.9648105,30.35633183,8.519134959,7.338059274,2.442475815,2.507043393,0.459381578,3.002477535,0.07644166,0.073487185,0.607377893,41.91910897,264.4377035,12.11254653,2.515607522,88.74029279,0.249540693,5.845439518,0.406567491,,,,,,,,,,,,,,,,,,,,,,,,,,
23.61762999,22.32328695,8.42916125,6.368327296,1.648666894,1.469687198,0.291061994,0.368066566,0.041348047,0.029274831,0.396599166,31.51033487,182.0808696,9.012634957,1.281004519,16.63153277,0.170544537,2.074625185,0.36021026,,,,,,,,,,,,,,,,,,,,,,,,,,
19.38320455,17.35135238,7.81462016,5.462862252,1.327515603,0.144088498,0.005814448,0.034893116,0.009500802,0.003430816,0.003399352,3.220522917,59.42530354,0.738500469,0.117328332,0.122190502,0.008471704,0.463249754,0.132770256,,,,,,,,,,,,,,,,,,,,,,,,,,
24.05379558,24.07701933,8.480389898,7.070018851,2.319591937,2.325296731,0.402463618,1.998939276,0.074621478,0.077606442,0.616687584,37.36118633,225.9937206,12.49376247,2.384495977,84.39516819,0.253125946,5.7908278,0.413209524,,,,,,,,,,,,,,,,,,,,,,,,,,
30.11739182,33.33735951,8.528602744,7.972941326,2.03236324,1.988563454,0.347071165,2.818322654,0.073333934,0.075950107,0.596689134,44.42984568,246.3657358,11.3985873,2.464229547,86.4737394,0.237920011,5.302842259,0.396830372,,,,,,,,,,,,,,,,,,,,,,,,,,
22.13193181,21.65795452,8.423438358,6.598831782,1.596667813,0.982969583,0.271405933,0.819040787,0.050456603,0.0564767,0.31304024,30.15725679,201.8636105,6.833693266,1.252535029,35.10125971,0.065994384,3.067619283,0.352103686,,,,,,,,,,,,,,,,,,,,,,,,,,
19.15381511,17.63763199,7.670100026,5.239100526,1.418210402,0.127714169,0.099533904,0.019137718,0.00231044,0.007817216,0.003586467,1.777379587,87.89770002,1.777808381,0.128792121,0.153659904,0.002661082,0.692981483,0.051117499,,,,,,,,,,,,,,,,,,,,,,,,,,
21.00713169,19.46769693,8.114265542,5.505529028,1.443625975,0.311241609,0.142793506,0.175758449,0.021975256,0.018841181,0.012642459,11.00747305,127.7028574,5.73852163,0.33734223,3.90384031,0.019708241,1.621541221,0.16259398,,,,,,,,,,,,,,,,,,,,,,,,,,
24.4820742,27.47597418,8.520904282,9.148915748,2.396140272,2.552537995,0.368598224,2.760703214,0.06795019,0.087807232,0.600614093,39.02160703,238.0626843,10.81617892,2.390073073,86.0082214,0.264501392,5.854207268,0.393367221,,,,,,,,,,,,,,,,,,,,,,,,,,
21.30963226,20.01288917,8.129388986,6.043915648,1.462767285,0.178152845,0.196543268,0.086533328,0.016958456,0.015622557,0.014567912,15.65167142,148.2064923,3.12834153,0.645401817,1.973137001,0.023407963,1.534647987,0.177250133,,,,,,,,,,,,,,,,,,,,,,,,,,
24.86496613,25.2987474,8.532636892,6.964396715,2.412426531,2.378684701,0.458471304,2.848718279,0.078423217,0.067569219,0.560401225,35.98057743,233.8905722,11.40949425,2.416711294,88.15412257,0.192713455,5.330721661,0.398008011,,,,,,,,,,,,,,,,,,,,,,,,,,
22.55810529,22.74380494,8.371429476,6.341412212,1.589458238,1.395648852,0.271907235,0.643804372,0.057366162,0.05640621,0.140040057,27.51897456,194.1106422,9.65951399,1.954002575,37.18296526,0.106250841,2.494482419,0.345605477,,,,,,,,,,,,,,,,,,,,,,,,,,
20.06371783,20.8690853,8.059630865,5.806980483,1.539819565,0.340744255,0.188501207,0.111684184,0.010412108,0.015966769,0.035613648,8.674912457,116.8484315,5.788276924,0.71856675,1.057190548,0.027706416,1.015778283,0.260052551,,,,,,,,,,,,,,,,,,,,,,,,,,
26.71250413,26.54864291,8.48172411,7.407242654,1.966886186,1.935240477,0.331521437,2.617448524,0.078255191,0.069701527,0.636384475,44.39425731,245.6622155,10.42315204,2.357641942,90.28665946,0.267743556,5.731531224,0.403884282,,,,,,,,,,,,,,,,,,,,,,,,,,
23.37931944,22.21777428,8.370069811,6.267594154,1.653231377,1.228182902,0.208649461,1.736310888,0.049398447,0.02977946,0.289427414,31.9321503,185.2078095,6.746847832,1.986404298,18.5550098,0.089734293,5.126967078,0.30196062,,,,,,,,,,,,,,,,,,,,,,,,,,
20.3837235,19.12259324,8.14607538,5.613833267,1.480023782,0.205181734,0.100595909,0.108364768,0.02789882,0.017202963,0.018180868,23.11090496,119.4456115,4.052742436,0.245504224,2.199380557,0.059887793,1.558989911,0.294800256,,,,,,,,,,,,,,,,,,,,,,,,,,
23.13132915,21.71664438,8.390323743,6.286270241,1.604881658,1.50034197,0.283701918,1.520892971,0.055964443,0.049478556,0.228957553,27.07127528,213.1492032,9.763387546,1.640917393,19.40655025,0.177750078,4.277029709,0.347538063,,,,,,,,,,,,,,,,,,,,,,,,,,
24.86707862,28.0485995,8.510231695,7.057420376,2.07135357,2.42393186,0.399143998,1.996270117,0.074748018,0.088600166,0.790643387,37.83622574,235.214459,11.22328149,2.30445096,90.90398906,0.24681626,5.893976091,0.407628697,,,,,,,,,,,,,,,,,,,,,,,,,,
21.01492779,19.36706592,8.221225783,5.692095258,1.451763076,0.386681309,0.143731248,0.142233266,0.01223674,0.013055081,0.003768611,15.08473818,133.0906508,4.563969345,0.330587569,0.944335502,0.01052385,1.354567603,0.237306223,,,,,,,,,,,,,,,,,,,,,,,,,,
21.77359791,21.98637448,8.394501399,6.419742691,1.692983786,0.997944113,0.275170157,1.647290382,0.038832511,0.038559146,0.399017961,30.76525841,156.1956297,6.208175331,1.199281268,15.05228093,0.142608097,2.359747114,0.345369169,,,,,,,,,,,,,,,,,,,,,,,,,,
20.8353116,19.10040945,8.084673171,5.592744096,1.57218697,0.315519886,0.110693724,0.138371674,0.029360397,0.018900746,0.018855253,20.17233983,120.0817346,4.589082745,0.400953469,0.38961071,0.032571288,1.421123812,0.154667676,,,,,,,,,,,,,,,,,,,,,,,,,,
20.33389685,20.66006381,8.257694457,5.91947602,1.562154312,0.258279316,0.105215324,0.089498762,0.01053147,0.017053801,0.009290912,19.83427451,102.9470187,2.302396415,0.284599899,3.663319734,0.047903553,1.04161746,0.223644853,,,,,,,,,,,,,,,,,,,,,,,,,,
22.6984028,20.97697579,8.410639522,6.156581165,1.60570844,0.933987201,0.273149418,1.443378018,0.030519237,0.027167856,0.277534986,31.6198383,195.8203261,6.458737932,1.552269233,32.07897954,0.121310095,3.339368888,0.376430424,,,,,,,,,,,,,,,,,,,,,,,,,,
21.91586075,22.47998273,8.417576828,6.536048706,1.671127703,0.494537313,0.270331374,0.695724215,0.046314822,0.05359188,0.380613351,29.39009185,157.4425922,9.902140608,1.935126704,8.25943805,0.149458966,3.21630935,0.310207394,,,,,,,,,,,,,,,,,,,,,,,,,,
21.48385037,19.60378833,8.138378806,5.715065018,1.442911042,0.445909054,0.155466101,0.16549728,0.010525904,0.010565736,0.009133118,6.295867432,143.7199031,4.590924521,0.81441159,1.537598838,0.04113893,1.148031159,0.191623303,,,,,,,,,,,,,,,,,,,,,,,,,,
19.04404224,17.5690437,7.915034486,5.27747024,1.325805602,0.091252702,0.052860921,0.020029181,0.001122007,0.009962844,0.001960438,3.630863315,42.5268104,0.965121662,0.142266667,0.180822964,0.002586725,0.539882635,0.059443133,,,,,,,,,,,,,,,,,,,,,,,,,,
21.05043959,20.60811711,8.190109175,5.500744541,1.523224459,0.282089172,0.10311422,0.103941205,0.023139919,0.018680411,0.033599181,18.12573948,138.571971,2.541197548,0.795949427,3.347109548,0.040346412,1.261656452,0.231464211,,,,,,,,,,,,,,,,,,,,,,,,,,
19.16919423,17.82372021,7.597294327,5.120403281,1.340458355,0.09742892,0.080636995,0.036563715,0.00825421,0.007059294,0.002516078,2.305470738,55.82606522,1.257464062,0.071541515,0.086788178,0.001435847,0.612347697,0.125033682,,,,,,,,,,,,,,,,,,,,,,,,,,
24.24613141,29.12013101,8.474322505,8.396473599,1.736477937,2.264382344,0.457667995,2.083256273,0.074053391,0.07082759,0.740433089,37.43436307,225.3841112,12.56307707,2.453012626,90.8416764,0.247995102,5.43937226,0.401215946,,,,,,,,,,,,,,,,,,,,,,,,,,
21.56920107,19.70429957,8.044564671,5.605229221,1.52761948,0.400562956,0.192794108,0.078908364,0.025200663,0.014046042,0.013330908,22.74534205,139.1381711,2.639699311,0.416263787,2.581396198,0.016923073,1.258583437,0.272993741,,,,,,,,,,,,,,,,,,,,,,,,,,
19.70182287,18.20963096,7.607786573,5.287752965,1.401441458,0.149632001,0.048265292,0.04946884,0.007951254,0.009415898,0.00240759,2.309824799,0.367235036,1.572638269,0.040116688,0.179575727,0.005412669,0.535930951,0.102060476,,,,,,,,,,,,,,,,,,,,,,,,,,
20.44951337,19.91479294,7.979685418,5.73280843,1.556776227,0.405151713,0.156862386,0.171216869,0.017015817,0.015614927,0.008209314,18.49936892,139.1647268,4.679654263,0.87128068,0.81866986,0.019436256,1.46616994,0.185068285,,,,,,,,,,,,,,,,,,,,,,,,,,
23.27649682,22.8141957,8.40720793,6.442561809,1.677544409,1.221767978,0.301480512,1.695731452,0.032576338,0.032072754,0.194998094,26.93555982,174.9970452,7.806269278,2.096416821,15.62373385,0.126271987,5.14848211,0.31163507,,,,,,,,,,,,,,,,,,,,,,,,,,
27.04371234,32.67516267,8.476405556,7.162999464,1.858612996,2.253343958,0.333580676,2.487883062,0.065978514,0.067944566,0.87903117,45.74606631,239.9285446,12.39111859,2.558038786,88.87147149,0.246599814,5.770494144,0.409008195,,,,,,,,,,,,,,,,,,,,,,,,,,
23.30329771,21.42700152,8.385429359,6.441517853,1.722851227,1.593968104,0.209698096,0.794819074,0.054783484,0.047815088,0.115785413,27.38662603,194.7961092,6.429901967,1.353562962,28.6479063,0.158068994,4.888972389,0.327887821,,,,,,,,,,,,,,,,,,,,,,,,,,
23.22587136,22.38860403,8.421264267,6.225378003,1.717774477,1.345722411,0.28903268,1.852230552,0.059540257,0.056986303,0.192914491,30.55906878,188.2358613,8.254080585,1.727863487,9.177403389,0.099462715,4.52811918,0.365863821,,,,,,,,,,,,,,,,,,,,,,,,,,
19.35536728,18.29038967,7.834184585,5.282941929,1.418033214,0.139852524,0.023220153,0.045421829,0.005137337,0.005911676,0.001232458,3.870496456,84.69017033,2.015023869,0.099437779,0.052450159,0.002561678,0.372153414,0.043947492,,,,,,,,,,,,,,,,,,,,,,,,,,
23.55048689,22.66457979,8.424613173,6.281100505,1.701693445,1.009656215,0.307716811,1.868525442,0.053407028,0.045232009,0.056625656,31.00283942,197.7407887,8.916597425,1.014307102,57.41040764,0.162759384,2.649070198,0.313278711,,,,,,,,,,,,,,,,,,,,,,,,,,
19.84429091,20.02710591,8.271118414,5.912371326,1.555149339,0.331401765,0.153383016,0.156818622,0.028920889,0.013760919,0.026809123,18.58619411,113.671396,2.834576683,0.253302004,3.032758113,0.018540489,1.08502857,0.212438208,,,,,,,,,,,,,,,,,,,,,,,,,,
19.32665711,17.73917335,7.582440066,5.226669501,1.379044579,0.142510791,0.015321576,0.019817874,0.000723057,0.003089811,0.002875982,2.817214586,62.57806508,0.826849087,0.110707726,0.168834102,0.001669657,0.714446877,0.112348868,,,,,,,,,,,,,,,,,,,,,,,,,,
18.72513981,18.58870995,7.716585071,5.437167347,1.352847507,0.145931946,0.09715961,0.019075515,0.002137607,0.001485781,0.002698566,1.739238508,43.65008129,1.386600185,0.149631115,0.134723312,0.003358056,0.106638227,0.145285206,,,,,,,,,,,,,,,,,,,,,,,,,,
27.86043771,32.67703721,8.524877881,8.350211552,2.338807029,2.10313881,0.427563372,2.419075798,0.065887796,0.089447463,0.692448193,35.56492986,232.2897742,12.19007659,2.40135578,85.47980905,0.232357713,5.464281485,0.410324599,,,,,,,,,,,,,,,,,,,,,,,,,,
22.9015138,21.16974651,8.373023951,6.216282335,1.637465207,1.044955602,0.205983392,1.76400039,0.031370232,0.05042761,0.273031844,28.59822893,220.8286006,6.472883314,1.494538348,30.09814125,0.177359042,2.394031539,0.334270495,,,,,,,,,,,,,,,,,,,,,,,,,,
28.60183811,31.52638083,8.464826674,6.696184331,2.509803647,1.946358267,0.364787625,2.116180818,0.075284872,0.075396263,0.677861668,40.3757871,245.3021705,10.91853128,2.266924889,86.04021447,0.185578861,5.724117873,0.392101353,,,,,,,,,,,,,,,,,,,,,,,,,,
21.33962808,20.3482308,8.184054141,5.806892327,1.508390262,0.370695953,0.156094376,0.07847665,0.01208821,0.017500359,0.026426139,20.40483752,100.0848622,5.701192202,0.283540654,4.066420249,0.025909346,1.160059205,0.230591558,,,,,,,,,,,,,,,,,,,,,,,,,,
23.62055467,21.56964265,8.396763011,6.130959195,1.634235172,1.548823193,0.243693699,0.787363847,0.057677846,0.05675626,0.271388785,28.42263483,187.3662734,8.3927385,1.915745452,24.41788911,0.10626611,3.594680514,0.326967047,,,,,,,,,,,,,,,,,,,,,,,,,,
18.52317347,18.41958599,7.866845194,5.230556918,1.398721075,0.084988725,0.072959391,0.026753439,0.009146097,0.000679143,0.003591909,1.180293253,74.60718453,1.680093595,0.099359083,0.08647387,0.002386031,0.771032269,0.011403256,,,,,,,,,,,,,,,,,,,,,,,,,,
21.76046537,22.44588859,8.435193787,6.293314742,1.696464054,0.544071488,0.249284753,1.109318511,0.057565678,0.050961238,0.064124497,31.7190743,205.1393176,8.923141763,1.83435169,57.58013647,0.148714285,2.323304072,0.362223091,,,,,,,,,,,,,,,,,,,,,,,,,,
30.24242271,27.65769786,8.491047641,7.156839115,2.109237122,2.312438217,0.341991403,2.865659851,0.079511374,0.076239513,0.688690978,37.93319895,256.8370566,12.4169832,2.494048338,91.43937493,0.198905132,5.390764106,0.402622435,,,,,,,,,,,,,,,,,,,,,,,,,,
24.47139723,32.16232488,8.522245901,6.944953138,2.323903023,2.342388551,0.400869045,2.525334114,0.072874268,0.074329974,0.663825758,35.50844086,258.954596,12.64404472,2.410236383,84.45749239,0.208916348,5.836246809,0.411975968,,,,,,,,,,,,,,,,,,,,,,,,,,
18.61561841,18.65951825,7.63281457,5.048091246,1.411527934,0.092643877,0.022847523,0.015334112,0.006765795,0.008902224,0.002885145,2.49326344,11.27289359,1.987566882,0.041969208,0.207089752,0.003230679,0.136693216,0.115900285,,,,,,,,,,,,,,,,,,,,,,,,,,
27.65586557,29.89465342,8.533521357,9.233697256,2.384017286,2.064306834,0.442490545,2.990967309,0.064314487,0.090628935,0.790142717,38.38150105,261.1112713,11.97445077,2.467929913,90.4658834,0.217389285,5.962680381,0.406997913,,,,,,,,,,,,,,,,,,,,,,,,,,
18.11317068,17.67822974,7.887874935,5.068101671,1.428044573,0.085027792,0.074935109,0.04871838,0.008870569,0.006110418,0.002383524,3.228636373,25.05386704,1.721651151,0.092025798,0.19688045,0.009633296,0.041453719,0.100278602,,,,,,,,,,,,,,,,,,,,,,,,,,
18.14405467,17.75144142,7.909041394,5.013582387,1.393517992,0.146664138,0.094096612,0.054571176,0.008748661,0.003502602,0.002341965,1.719081339,91.41739807,1.308911046,0.039098606,0.104904006,0.005317777,0.272029769,0.124777666,,,,,,,,,,,,,,,,,,,,,,,,,,
20.59286544,19.639458,7.972445923,5.809630218,1.517831953,0.430634558,0.163856927,0.084809382,0.010079275,0.015851663,0.035341112,16.83949271,105.1315279,4.963939688,0.742477162,1.484828934,0.048151877,1.612531672,0.244143779,,,,,,,,,,,,,,,,,,,,,,,,,,
28.19163325,33.73837844,8.492146323,7.540083574,1.997282759,2.218243236,0.329610698,2.970628681,0.072383508,0.067708984,0.711309551,39.57512059,238.366967,10.9281513,2.39880793,84.58063138,0.230622753,5.334789781,0.394463893,,,,,,,,,,,,,,,,,,,,,,,,,,
21.0570234,19.9547698,8.334906556,5.620432957,1.545343387,0.39676394,0.130495319,0.14260348,0.022948732,0.017533531,0.024344431,24.2910623,127.2314405,5.337692619,0.503901428,3.799945536,0.0328784,1.130049286,0.248494526,,,,,,,,,,,,,,,,,,,,,,,,,,
30.12442688,30.30667656,8.540359178,7.504358676,2.316578666,2.6571725,0.356250723,2.790278131,0.080071668,0.070519336,0.490901568,38.60899742,252.413156,10.97614696,2.528234263,89.47200677,0.226805571,5.850831645,0.398183189,,,,,,,,,,,,,,,,,,,,,,,,,,
22.55403635,22.12281908,8.373274471,6.130913196,1.599197431,0.70214233,0.210837249,1.238461359,0.053546663,0.046719087,0.356495468,29.49682967,213.4670718,7.6330642,2.098463584,11.86092921,0.162783426,2.761389663,0.37347789,,,,,,,,,,,,,,,,,,,,,,,,,,
20.40780981,19.89133606,8.028496013,5.914722545,1.561348212,0.313373816,0.176840864,0.16897036,0.02600798,0.011352919,0.016508587,8.431008655,117.8105252,3.21233118,0.656366375,2.230930681,0.049504392,1.075665956,0.209051052,,,,,,,,,,,,,,,,,,,,,,,,,,
25.17921268,33.86484002,8.482083597,8.858631398,2.495703831,2.028126918,0.436000847,2.132939992,0.079137462,0.076109749,0.615415415,46.93767166,247.2885341,12.03050965,2.462638672,83.94924199,0.236267947,5.773510281,0.399748726,,,,,,,,,,,,,,,,,,,,,,,,,,
22.14214252,22.65252989,8.395543449,6.622223569,1.690881863,0.552647138,0.271374062,1.845392507,0.062933441,0.038076179,0.324568628,27.69002752,203.5448593,7.57103856,1.25945988,10.60155569,0.150442809,4.456345838,0.355772601,,,,,,,,,,,,,,,,,,,,,,,,,,
21.95501031,21.02032058,8.387512086,6.645412271,1.69129079,1.697928936,0.242760064,0.71969569,0.052114983,0.02442283,0.410468129,26.85191404,187.1565617,9.882431738,2.005365946,66.06048462,0.075796584,3.484916804,0.370234207,,,,,,,,,,,,,,,,,,,,,,,,,,
20.15763866,19.41958398,8.064904546,5.977607581,1.521086347,0.365838542,0.119660308,0.077671967,0.024076333,0.018866065,0.019233964,9.635475446,127.8506703,5.898270367,0.803279572,0.647728418,0.041242358,1.43646613,0.247820317,,,,,,,,,,,,,,,,,,,,,,,,,,
19.45783271,18.48013531,7.624439865,5.204234621,1.356012398,0.154016517,0.064406649,0.034288786,0.001212435,0.005673539,0.003368905,1.378463459,27.99284712,1.214832168,0.036573201,0.049310033,0.008062317,0.14375816,0.05090017,,,,,,,,,,,,,,,,,,,,,,,,,,
20.1083739,20.65452261,8.097812114,5.635945374,1.527938786,0.179308269,0.152986298,0.063526712,0.014921448,0.018231332,0.005871043,14.50707748,120.6701779,2.223784384,0.770045921,1.539100893,0.052394014,1.267779799,0.293768168,,,,,,,,,,,,,,,,,,,,,,,,,,
18.38142175,17.60943807,7.664590004,5.359612558,1.35123598,0.146031392,0.051033514,0.038513709,0.006290708,0.001341953,0.001806687,1.639925255,19.99971321,1.647616813,0.094246982,0.113806126,0.006339586,0.585628684,0.035204593,,,,,,,,,,,,,,,,,,,,,,,,,,
21.89092862,21.52701087,8.422694745,6.51942282,1.649525174,0.540424937,0.29418802,0.209782156,0.048572034,0.042920684,0.080791299,30.78576617,154.4141752,10.39110582,1.29000307,43.66615924,0.179161866,3.892277918,0.384167053,,,,,,,,,,,,,,,,,,,,,,,,,,
18.13674668,18.94585257,7.742667114,5.4209244,1.347214823,0.104795191,0.059007769,0.014770786,0.008733879,0.007562562,0.002685746,1.972498945,96.87609102,1.536963522,0.08658246,0.17898447,0.001110853,0.45266631,0.056076881,,,,,,,,,,,,,,,,,,,,,,,,,,
28.7759541,30.68149175,8.512044908,8.306877219,1.778093674,1.994610883,0.313145775,2.786668005,0.077254592,0.067565372,0.534944137,44.55657051,262.4166123,10.86610932,2.26519014,87.33621592,0.187060617,5.682690968,0.404995347,,,,,,,,,,,,,,,,,,,,,,,,,,
29.20913666,23.25132387,8.53763669,6.891710646,2.119501859,2.150243444,0.400911071,2.350659136,0.077692967,0.090972799,0.802212636,43.9100211,232.166496,12.9668795,2.468209443,90.16668943,0.198032197,5.696727747,0.396830436,,,,,,,,,,,,,,,,,,,,,,,,,,
23.37484296,22.3228651,8.380610714,6.298454985,1.628299018,1.520681416,0.210812277,1.49372786,0.033993581,0.026717614,0.058072396,27.74040157,175.2497505,10.05626903,1.638654926,61.69841296,0.095788734,2.962636651,0.319384276,,,,,,,,,,,,,,,,,,,,,,,,,,
23.13013745,21.95969635,8.403625828,6.064525804,1.648843662,1.200182303,0.24291316,1.324129346,0.047788771,0.02281658,0.120577705,29.80653826,190.1336828,7.210511812,1.893757298,14.42990453,0.08214883,4.440120034,0.312337726,,,,,,,,,,,,,,,,,,,,,,,,,,
29.49321562,29.35023388,8.513766181,7.39396336,1.926891946,1.988267331,0.453415653,2.68228709,0.066665656,0.060916076,0.552229615,39.99043669,255.0988561,13.04519946,2.415723511,90.52015364,0.245999001,5.527221585,0.402745691,,,,,,,,,,,,,,,,,,,,,,,,,,
19.68038067,18.43912564,7.796270178,5.243054314,1.33234469,0.088562817,0.01514041,0.037663393,0.000963645,0.001864498,0.003166474,3.865815946,56.49660954,1.39629405,0.08249601,0.041037129,0.004867187,0.415392885,0.072954427,,,,,,,,,,,,,,,,,,,,,,,,,,
28.30446211,23.98670342,8.53614299,7.549173174,2.15600154,2.202164308,0.449128884,3.089434247,0.072792327,0.067041441,0.63501878,42.39749788,246.0329864,12.09592891,2.269549263,86.07934313,0.183590164,5.714849934,0.396415,,,,,,,,,,,,,,,,,,,,,,,,,,
28.0093601,34.14669741,8.540243305,8.415621337,2.463713905,2.489489779,0.312798399,2.191115914,0.066833117,0.068056727,0.440952193,40.81587583,244.5890456,10.60696776,2.292569929,89.33071681,0.196613229,5.354231692,0.398615058,,,,,,,,,,,,,,,,,,,,,,,,,,
19.16698435,17.8649425,7.881879047,5.292192037,1.351608579,0.086055183,0.034193347,0.021361582,0.008954292,0.008797891,0.002582979,0.739545996,85.998307,0.804074465,0.104843723,0.032104887,0.001873367,0.349527817,0.108895235,,,,,,,,,,,,,,,,,,,,,,,,,,
18.27609803,17.79453883,7.800842986,5.039328101,1.367625839,0.090960485,0.023494473,0.032274534,0.001050452,0.009897153,0.00183227,2.039725207,40.00053841,1.688972179,0.064898179,0.085607074,0.004479801,0.013178184,0.102200198,,,,,,,,,,,,,,,,,,,,,,,,,,
22.50553462,22.90921497,8.417836647,6.373861501,1.59663945,1.581328339,0.241942075,0.711585175,0.056633251,0.030450161,0.258205914,25.73158196,197.7432766,7.378324107,1.287846378,35.42214962,0.140372709,2.510980501,0.326068869,,,,,,,,,,,,,,,,,,,,,,,,,,
21.45479399,19.35449568,7.982449664,5.934693627,1.499031395,0.47645222,0.147604424,0.07437799,0.026295966,0.01324685,0.026562448,13.82424358,106.0980141,2.367010337,0.25998415,1.214512063,0.039421164,1.303592205,0.269827377,,,,,,,,,,,,,,,,,,,,,,,,,,
25.54192576,28.64878121,8.474497107,7.920565797,1.963542967,2.211833926,0.407782233,2.816084912,0.067615294,0.080918506,0.788805902,39.22535982,230.1540065,12.31759961,2.359217782,90.44945829,0.185352994,5.384865198,0.4030395,,,,,,,,,,,,,,,,,,,,,,,,,,
24.6951119,30.0301181,8.469906388,8.594967381,2.323487115,2.447057438,0.385802573,2.475887332,0.076335379,0.080255023,0.773891796,33.95729746,251.2213532,11.38099977,2.423199641,86.06531021,0.245897689,5.878213073,0.390831538,,,,,,,,,,,,,,,,,,,,,,,,,,
20.75988559,20.51015228,8.051232685,5.984701564,1.528583941,0.428408537,0.108997885,0.15343412,0.024080542,0.011246794,0.024203795,23.41871993,120.9503364,5.66375254,0.403883173,2.456303209,0.016304426,1.094021199,0.258204493,,,,,,,,,,,,,,,,,,,,,,,,,,
29.83414069,30.4265337,8.447981569,6.939535944,1.858800484,2.51225885,0.371199688,2.599905218,0.073141559,0.067559738,0.477245337,46.56787868,261.2013988,11.44999669,2.288351633,90.32571704,0.202602301,5.72682379,0.392152006,,,,,,,,,,,,,,,,,,,,,,,,,,
22.60891778,21.06326951,8.3729255,6.512984872,1.580212139,1.115684828,0.205529347,1.364612641,0.039818423,0.027707978,0.172677181,25.76726579,150.7893735,6.495261512,1.606297168,56.71085678,0.08859412,3.963119789,0.375335474,,,,,,,,,,,,,,,,,,,,,,,,,,
27.25846915,33.10027341,8.493662361,7.821076375,2.230736725,2.495281785,0.43920178,2.288477151,0.079155498,0.068897178,0.556727957,39.82283087,229.5146263,12.38410562,2.525620888,90.05565512,0.182219211,5.787070835,0.40402543,,,,,,,,,,,,,,,,,,,,,,,,,,
27.36958842,31.85394486,8.50824343,7.246753911,1.869799662,2.117058993,0.348052313,2.267483801,0.065407964,0.084462304,0.535246915,46.33266877,261.4250216,12.98687889,2.250657058,89.12915356,0.258037453,5.939982173,0.402880673,,,,,,,,,,,,,,,,,,,,,,,,,,
21.41929408,20.67268781,8.16553716,5.513144128,1.537500225,0.16763277,0.189523628,0.150112608,0.015184364,0.010216944,0.037413904,24.07521857,146.4271192,2.860791687,0.6964325,1.574384397,0.031697072,1.900661123,0.273361665,,,,,,,,,,,,,,,,,,,,,,,,,,
20.24937991,20.19822619,8.181154168,5.995045566,1.532523474,0.431133974,0.199350984,0.129187033,0.025916574,0.018276504,0.006833628,18.05618606,120.9746432,4.16785702,0.616117251,3.248240243,0.011260798,1.915515589,0.181003326,,,,,,,,,,,,,,,,,,,,,,,,,,
21.29839761,20.84297073,8.205927974,5.885355084,1.516275615,0.373685749,0.196951065,0.060143145,0.010965681,0.013840784,0.015289824,20.12971097,104.6215636,2.463274563,0.333181654,0.774263039,0.055517813,1.322619689,0.273088275,,,,,,,,,,,,,,,,,,,,,,,,,,
27.374075,32.79172,8.504946552,9.216295181,2.410684373,2.577849867,0.364255731,3.065719012,0.063832233,0.070867321,0.887292072,40.25317131,258.6496345,11.30248412,2.442195377,85.3326209,0.218884246,5.702114581,0.414019274,,,,,,,,,,,,,,,,,,,,,,,,,,
27.52923096,26.85979711,8.441357492,7.483480056,2.109630267,2.317707708,0.411297223,2.219978384,0.070090453,0.083007603,0.471034781,45.182607,260.9196253,11.14613995,2.41192363,88.30410311,0.204067845,5.210461578,0.392422228,,,,,,,,,,,,,,,,,,,,,,,,,,
23.47153465,22.57993784,8.38192704,6.108190758,1.600639202,1.040585657,0.292242633,1.245331136,0.046542763,0.026042113,0.408132121,27.19862106,215.2770262,8.875582107,1.497689222,57.31096163,0.099455811,2.538123264,0.382259436,,,,,,,,,,,,,,,,,,,,,,,,,,
22.29769649,22.2563573,8.359052014,6.489153697,1.683697795,1.019817814,0.263396648,1.538699615,0.047745482,0.047854042,0.371513037,26.60243595,165.1056166,6.173687111,2.22938764,35.79651242,0.100391711,2.909091965,0.302185553,,,,,,,,,,,,,,,,,,,,,,,,,,
22.76798044,22.14237939,8.434630767,6.080049324,1.726637379,0.51949618,0.255661634,1.425924216,0.055130212,0.020072974,0.296265882,27.93334277,155.3003239,8.108466304,1.623049132,25.44490527,0.087909335,3.414601994,0.31690418,,,,,,,,,,,,,,,,,,,,,,,,,,
23.57065963,22.47061078,8.420654874,6.136455866,1.626894547,1.053391046,0.306859307,0.391811532,0.053776329,0.034691155,0.222631236,25.64896978,206.5503682,8.865221318,1.337126089,52.55220635,0.106607605,2.184453809,0.363034278,,,,,,,,,,,,,,,,,,,,,,,,,,
21.29857234,20.39718894,8.188231677,6.021587331,1.515144491,0.418350448,0.114618365,0.13099039,0.02485791,0.019600378,0.037831835,20.25468581,145.7516522,3.954999316,0.255196786,0.86081375,0.041001425,1.714448992,0.232554215,,,,,,,,,,,,,,,,,,,,,,,,,,
18.35583647,18.84365967,7.87395148,5.445683421,1.403376142,0.12283171,0.011585616,0.015784937,0.006600263,0.006912663,0.002162686,2.603171014,18.90333798,1.205750359,0.046105095,0.029367653,0.002546588,0.250361976,0.004407669,,,,,,,,,,,,,,,,,,,,,,,,,,
21.0866201,19.50955757,8.30123689,5.926272499,1.568019985,0.27318722,0.143086721,0.07323535,0.025745464,0.019347103,0.011484326,8.194770076,117.6150472,3.950174519,0.42822875,2.416577681,0.043807037,1.684132591,0.180450545,,,,,,,,,,,,,,,,,,,,,,,,,,
24.2177583,25.6372431,8.510200946,8.936943944,1.984109087,2.098849185,0.429545361,2.194393413,0.064639948,0.086177357,0.71034501,40.95590898,231.6515421,12.3708105,2.327344204,86.2481802,0.246799009,5.440244213,0.395544386,,,,,,,,,,,,,,,,,,,,,,,,,,
23.42673128,21.86024585,8.367888486,6.16082753,1.664147496,1.183037514,0.280550578,0.407561708,0.040909738,0.036216671,0.16184148,32.16916588,219.4172805,8.578821507,2.124391658,77.52412175,0.068540579,2.9956005,0.347883444,,,,,,,,,,,,,,,,,,,,,,,,,,
23.84187943,22.62768014,8.401368347,6.289617926,1.696857142,1.57396752,0.202842677,1.070980535,0.049793415,0.050501475,0.114243669,32.9384323,199.5165407,7.91263266,1.739972203,19.34339082,0.110453125,3.447085209,0.36952035,,,,,,,,,,,,,,,,,,,,,,,,,,
22.4484428,22.70418197,8.393342546,6.565652988,1.726340212,0.49419305,0.205060909,1.166559851,0.032751001,0.024109422,0.1622315,27.61900584,186.9537219,8.585186948,1.976244165,36.46032954,0.095616979,3.040073937,0.345663368,,,,,,,,,,,,,,,,,,,,,,,,,,
24.3615209,31.01817222,8.457080864,6.904336263,2.442600814,2.624010265,0.427559048,2.76165343,0.06324136,0.079623401,0.584173163,34.6360473,252.371204,11.40886339,2.280007166,92.01291865,0.269670864,5.77690921,0.400597584,,,,,,,,,,,,,,,,,,,,,,,,,,
19.8936842,20.75584631,8.085832321,5.682265634,1.48729902,0.242354111,0.124050227,0.130679204,0.018286669,0.014819092,0.036794193,9.386778036,124.4602633,2.328111588,0.781478066,1.762250189,0.041582189,1.489658789,0.276935477,,,,,,,,,,,,,,,,,,,,,,,,,,
22.24720787,21.58317957,8.383504023,6.061131163,1.600249719,1.114195058,0.203303812,1.252295498,0.041296358,0.024578965,0.143147478,28.23851277,208.6231814,6.631263903,1.599513877,80.48420934,0.069567255,4.374144106,0.316401117,,,,,,,,,,,,,,,,,,,,,,,,,,
21.13860646,20.765011,7.9699285,5.944367925,1.431699993,0.22191402,0.138316821,0.100942488,0.023850152,0.017340127,0.012052329,23.46327986,146.8810406,3.377206747,0.398172252,0.655390971,0.056567236,1.197105415,0.256815652,,,,,,,,,,,,,,,,,,,,,,,,,,
18.30468996,18.26105372,7.724795783,5.318557779,1.306066716,0.152217288,0.03090766,0.04675475,0.00043942,0.003197856,0.002102578,2.84088176,52.61918136,1.635502494,0.042294962,0.088685203,0.002074074,0.672975655,0.112813431,,,,,,,,,,,,,,,,,,,,,,,,,,
21.06792525,20.27074995,8.292702058,5.742412549,1.530413905,0.232306618,0.100793274,0.131141636,0.02525956,0.010081128,0.011441,15.56426462,139.6715744,4.089631583,0.460248189,3.957687701,0.04617311,1.855588275,0.190706965,,,,,,,,,,,,,,,,,,,,,,,,,,
29.18500637,28.26204639,8.50221126,9.240337638,2.199881446,2.60668931,0.3718221,2.279266342,0.078432262,0.060239964,0.449243119,34.05439439,254.4576478,11.39519074,2.319035444,86.91857825,0.180385567,5.389867644,0.411642292,,,,,,,,,,,,,,,,,,,,,,,,,,
18.98191186,17.58526567,7.666054274,5.202657415,1.395978923,0.154544005,0.068889493,0.045219973,0.004644969,0.001060504,0.001699402,1.700554914,91.0612617,1.545297696,0.108956687,0.031947007,0.007032237,0.539041336,0.102018682,,,,,,,,,,,,,,,,,,,,,,,,,,
21.26590598,19.56831383,7.968150611,5.828447695,1.542253838,0.47541179,0.159734735,0.080405123,0.023435161,0.015776885,0.028767326,21.98122961,105.0790553,2.947042195,0.848185411,1.379401141,0.018833937,1.022503483,0.299260854,,,,,,,,,,,,,,,,,,,,,,,,,,
20.52621011,19.46544157,7.989146786,5.891011406,1.536382076,0.260658442,0.151616292,0.113644175,0.019607664,0.010413934,0.033647889,9.594413232,113.1253837,5.454078364,0.647334812,2.224357519,0.016638036,1.826927722,0.162399164,,,,,,,,,,,,,,,,,,,,,,,,,,
22.36147749,22.62476196,8.378773067,6.573292447,1.696324726,0.915403488,0.302608951,1.914659457,0.032909271,0.059037853,0.304405963,29.88325112,206.4277626,7.855547296,1.377215908,77.36068289,0.067422871,4.475794315,0.377372661,,,,,,,,,,,,,,,,,,,,,,,,,,
22.05116509,21.40683463,8.408958604,6.206202169,1.634653646,0.920609316,0.201724743,1.347414884,0.062036138,0.034834849,0.27751544,30.34544873,165.5963463,7.737519756,0.928626094,24.08231849,0.091464766,4.050194418,0.360035769,,,,,,,,,,,,,,,,,,,,,,,,,,
23.53882156,21.28550887,8.373473052,6.601590511,1.621281024,0.816504234,0.21099471,0.55576839,0.048874642,0.051496677,0.129579525,25.59009438,203.1765742,9.936194656,2.061760406,12.34655446,0.119296204,4.298661034,0.317761724,,,,,,,,,,,,,,,,,,,,,,,,,,
19.86570044,19.6945394,8.343575016,5.894052292,1.461437387,0.281172674,0.175189375,0.110567443,0.029154589,0.015686098,0.020588652,12.18078404,119.584079,3.307684688,0.49489707,0.849955153,0.014774323,1.718349253,0.205282833,,,,,,,,,,,,,,,,,,,,,,,,,,
22.95623001,22.18991981,8.426382445,6.595255775,1.643757455,1.02158692,0.213611512,1.36441303,0.060544427,0.035674412,0.296106728,32.48860955,218.2684751,6.481800018,0.95977406,48.29248142,0.08018998,2.358556415,0.380306128,,,,,,,,,,,,,,,,,,,,,,,,,,
21.79678466,22.15193083,8.38492803,6.573301103,1.617139872,0.665975437,0.215622864,1.772203971,0.053406032,0.023246656,0.251858907,31.73940485,219.2150859,8.779162192,1.237935711,10.63956411,0.073475821,4.139253635,0.36505787,,,,,,,,,,,,,,,,,,,,,,,,,,
26.96482669,34.04375927,8.513692859,9.497116225,2.181994345,2.593681377,0.318466333,2.608077028,0.071592445,0.088887933,0.854505059,46.81458499,237.7596935,12.04735509,2.510480638,89.36757036,0.182769051,5.62242806,0.410466433,,,,,,,,,,,,,,,,,,,,,,,,,,
19.39565188,18.85469971,7.589775559,5.319434014,1.361512045,0.137424645,0.089095135,0.048858816,0.007906991,0.009998718,0.001867283,3.594201046,91.39562277,1.8792118,0.115206894,0.057007802,0.007125349,0.913347112,0.015391036,,,,,,,,,,,,,,,,,,,,,,,,,,
19.59185818,18.71720304,7.941574325,5.373429707,1.415518143,0.094929113,0.048318029,0.046361014,0.005292482,0.005063641,0.001416472,3.92220534,91.38544733,1.629822083,0.049690835,0.144647979,0.004005589,0.855208979,0.032251392,,,,,,,,,,,,,,,,,,,,,,,,,,
27.7273671,24.24154301,8.527612892,6.703895142,2.192680872,2.256063358,0.423019366,2.034759053,0.06387921,0.09081605,0.613805276,40.84858208,247.2928341,10.63681603,2.36995315,87.10177185,0.22266467,5.914877605,0.410085538,,,,,,,,,,,,,,,,,,,,,,,,,,
24.05428791,32.21702834,8.544584518,8.455901896,2.445139221,2.576108298,0.329054081,2.161092741,0.0784141,0.092587852,0.684868229,41.43938555,229.148157,10.74460936,2.539591986,91.86140895,0.258115279,5.74893545,0.392401468,,,,,,,,,,,,,,,,,,,,,,,,,,
23.04571404,22.0643873,8.378217297,6.06064828,1.699368435,1.532056639,0.309017009,0.906757786,0.05659659,0.055667479,0.382860408,30.0784393,193.5477561,9.360169901,1.367046631,51.96749627,0.087873229,2.437300992,0.339913377,,,,,,,,,,,,,,,,,,,,,,,,,,
19.19783739,17.58588925,7.869501748,5.015135666,1.38496827,0.089002189,0.034087557,0.012703186,0.005306957,0.005057966,0.00284415,0.764491453,15.50226298,1.955459057,0.127044784,0.06672976,0.007854586,0.307375661,0.131116694,,,,,,,,,,,,,,,,,,,,,,,,,,
19.26550134,18.47465757,7.845981639,5.471810477,1.308845651,0.110757837,0.061191577,0.032973808,0.008128219,0.000317789,0.001431936,3.135231353,13.42037491,1.883604614,0.070558524,0.191811947,0.008448655,0.676982327,0.084777398,,,,,,,,,,,,,,,,,,,,,,,,,,
23.75833991,22.39520727,8.432081479,6.367070239,1.72354417,1.86413847,0.277683702,0.899232787,0.036716048,0.035822136,0.201180362,31.59513752,190.0461563,6.556804264,1.511024294,4.65603133,0.110247123,3.538929228,0.355410627,,,,,,,,,,,,,,,,,,,,,,,,,,
23.32808439,22.32393607,8.361590307,6.65046092,1.623680003,1.371136343,0.304449149,0.572447902,0.041575756,0.046617794,0.095102118,31.75656422,220.200845,9.824834696,1.341750299,25.04107809,0.075654173,3.556967198,0.360287925,,,,,,,,,,,,,,,,,,,,,,,,,,
20.63909248,19.27179192,8.293005538,5.682152946,1.527313538,0.463968893,0.131632676,0.162748785,0.025636122,0.017443702,0.029608525,16.15851252,147.189651,2.59528508,0.842553775,4.228213257,0.043524724,1.662823716,0.193766058,,,,,,,,,,,,,,,,,,,,,,,,,,
22.33399623,21.98491455,8.367443272,6.130646459,1.631313335,1.425244704,0.225526073,1.922177504,0.056652105,0.041647424,0.142836035,30.46607522,203.8439176,8.127069805,1.282841404,67.69044477,0.145261088,3.152319818,0.370314644,,,,,,,,,,,,,,,,,,,,,,,,,,
18.48623301,17.971585,7.608815167,5.036116212,1.314428851,0.123994972,0.092283453,0.025576171,0.004550719,0.00936598,0.0027139,0.893920526,43.06230772,0.729968232,0.110122287,0.178655783,0.006038775,0.499587908,0.043922029,,,,,,,,,,,,,,,,,,,,,,,,,,
20.03269416,19.77340372,8.015735003,5.571713763,1.519147274,0.377815585,0.184458401,0.169726474,0.011543375,0.013806377,0.021117394,12.62254087,128.6941905,4.443874904,0.745050981,4.088200859,0.035238988,1.963179593,0.252615482,,,,,,,,,,,,,,,,,,,,,,,,,,
18.98014537,18.85102051,7.608150683,5.103021041,1.406631131,0.110957206,0.012058808,0.040101412,0.002461624,0.00128638,0.002545539,3.223764067,26.78147699,1.549324943,0.051069665,0.015572002,0.009333717,0.433712937,0.107611366,,,,,,,,,,,,,,,,,,,,,,,,,,
22.3398819,22.06271745,8.414766093,6.198601376,1.575737471,0.96040822,0.213401235,1.974926232,0.058446028,0.02274285,0.142632366,29.07595492,175.7186306,8.373339344,2.007905178,9.335156358,0.177524012,2.879147905,0.300444851,,,,,,,,,,,,,,,,,,,,,,,,,,
20.61520665,19.04047833,8.07368321,5.723302003,1.455752103,0.299866332,0.138023887,0.078574024,0.018586915,0.013383951,0.031040536,16.33795195,114.2130439,3.874936167,0.295429466,2.241873573,0.055816737,1.712165079,0.206913971,,,,,,,,,,,,,,,,,,,,,,,,,,
20.75343428,19.66028186,8.136428551,5.687696665,1.547420716,0.22875065,0.175068942,0.09292609,0.029962784,0.015785249,0.017359707,22.12566592,111.9648221,5.212654081,0.879250728,0.863332954,0.013261347,1.380873173,0.237372891,,,,,,,,,,,,,,,,,,,,,,,,,,
20.09276058,19.29475551,8.035019569,5.761946797,1.464429854,0.424051154,0.165335567,0.068380034,0.029302841,0.017485242,0.031896336,23.33928716,128.4293686,2.843152287,0.422854619,0.743696573,0.043982559,1.233159681,0.171663338,,,,,,,,,,,,,,,,,,,,,,,,,,
19.05614975,18.61590419,7.602557161,5.146983326,1.37164303,0.121995871,0.013149905,0.054935183,0.001972187,0.007931609,0.002871974,0.818877967,88.84586852,0.935810982,0.116374647,0.0415798,0.006140871,0.603306207,0.060369341,,,,,,,,,,,,,,,,,,,,,,,,,,
27.3714495,27.56633657,8.523368818,8.459761751,1.951435494,2.085643148,0.316741941,2.545804127,0.067060801,0.070235398,0.674200993,39.57568566,241.7210958,11.94674219,2.372110398,84.33213511,0.257256332,5.260587585,0.392380495,,,,,,,,,,,,,,,,,,,,,,,,,,
18.03550242,18.87002446,7.70433829,5.24075662,1.3506297,0.10054367,0.020389799,0.053105081,0.002292273,0.006556758,0.003187165,3.865924969,0.209053448,1.738551172,0.133639735,0.094577136,0.006727666,0.276548026,0.08481565,,,,,,,,,,,,,,,,,,,,,,,,,,
19.43023551,17.97999479,7.821463442,5.395805581,1.372003425,0.113591091,0.05865872,0.031261492,0.00964505,0.001893254,0.002098471,4.104143826,94.18720695,0.730525659,0.062290839,0.206109678,0.005423591,0.934488151,0.021111007,,,,,,,,,,,,,,,,,,,,,,,,,,
27.66662181,27.57691586,8.506317795,6.913567971,2.412790342,2.353800022,0.439045371,2.723129435,0.072852943,0.084135172,0.644372989,46.00857394,243.1060091,11.2112147,2.325561137,85.95755667,0.241257099,5.90772297,0.400986692,,,,,,,,,,,,,,,,,,,,,,,,,,
18.18588158,17.85273611,7.731195236,5.356549707,1.40162211,0.082875435,0.083735048,0.05059087,0.000303095,0.008322159,0.002494452,1.239730815,37.99148784,1.026062728,0.111238089,0.01052614,0.00100775,0.055572653,0.10082774,,,,,,,,,,,,,,,,,,,,,,,,,,
22.78017163,22.23758671,8.407868034,6.123208559,1.600288949,1.356801263,0.279850007,0.918365791,0.043635654,0.044662661,0.261330668,31.97122148,152.5376469,6.347697331,2.200857883,67.97559235,0.082160009,4.108002671,0.302919709,,,,,,,,,,,,,,,,,,,,,,,,,,
21.66789499,19.31079196,8.282286895,5.951580711,1.509266815,0.346339638,0.105075798,0.148359553,0.024714993,0.015973352,0.027381844,13.97105383,116.2112125,4.252786337,0.706135665,3.485797612,0.047182664,1.560944361,0.286640838,,,,,,,,,,,,,,,,,,,,,,,,,,
18.64102153,17.35914877,7.842770305,5.404660514,1.315933251,0.14214744,0.062027001,0.044425278,0.001655386,0.009617287,0.001727165,0.794608314,93.91223451,1.904066405,0.062956622,0.076855712,0.00794619,0.142505322,0.037037,,,,,,,,,,,,,,,,,,,,,,,,,,
22.55368597,21.64232479,8.395756375,6.301665454,1.730070534,1.305840263,0.221725781,1.290219854,0.03409066,0.045592846,0.142911111,26.39866735,215.4612198,8.241847632,1.500636149,63.05875538,0.106971738,3.015051138,0.31400279,,,,,,,,,,,,,,,,,,,,,,,,,,
27.91257056,23.97019003,8.474084722,8.047750803,2.308702928,2.090224829,0.387882283,2.885448584,0.070314097,0.085017307,0.669080619,44.95783604,265.1889075,12.94162485,2.51513714,86.67786123,0.267787938,5.768374659,0.3948209,,,,,,,,,,,,,,,,,,,,,,,,,,
23.51511093,22.65418212,8.401209128,6.422767613,1.71644555,0.830398363,0.301388941,1.547682257,0.043182049,0.027068691,0.415559487,28.43430348,215.4641875,7.155986964,1.988680631,59.6492227,0.075897022,3.253066562,0.385019717,,,,,,,,,,,,,,,,,,,,,,,,,,
25.58141829,23.44299711,8.454136991,8.112692094,2.091650309,2.586171049,0.362684561,2.810697111,0.079656763,0.083192664,0.881134932,46.2471215,257.6142651,11.38736656,2.387525322,90.69922668,0.198039487,5.953207265,0.40414127,,,,,,,,,,,,,,,,,,,,,,,,,,
26.05950517,26.26096923,8.484538746,7.991800639,2.173425852,1.934793278,0.430268201,2.527846703,0.067191854,0.073687599,0.588636767,38.20849598,256.4802621,12.72547546,2.402708014,89.03831235,0.239721645,5.852849285,0.403970409,,,,,,,,,,,,,,,,,,,,,,,,,,
23.6971983,22.59993549,8.426674848,6.250723431,1.681060844,0.520503521,0.225790328,1.172516837,0.043007341,0.044364535,0.153942994,27.23316033,200.9427825,9.724205381,0.999404372,78.13733414,0.168423274,2.753899585,0.356058956,,,,,,,,,,,,,,,,,,,,,,,,,,
27.22247121,33.98665596,8.488457022,6.947520514,2.28270752,2.402675436,0.314987556,2.315352755,0.065860246,0.095000273,0.808796183,38.68810552,228.391014,11.89510163,2.550906197,84.85906433,0.254132954,5.553471888,0.395692957,,,,,,,,,,,,,,,,,,,,,,,,,,
21.55913154,19.30411134,7.996125428,5.557550386,1.519176003,0.212714283,0.186115805,0.072910436,0.014581563,0.011836959,0.017573065,16.45906713,134.4470666,2.552742521,0.222439084,1.632684429,0.0144103,1.551892567,0.187602168,,,,,,,,,,,,,,,,,,,,,,,,,,
18.43839171,18.30381657,7.926628406,5.105825803,1.398520177,0.109070285,0.023130436,0.057480019,0.005526728,0.00598939,0.001404182,3.076744149,82.07541698,1.380726965,0.1240278,0.154357398,0.001544542,0.979995082,0.043734274,,,,,,,,,,,,,,,,,,,,,,,,,,
21.04779888,19.77868282,8.097740174,5.638176211,1.533347033,0.30611837,0.176128968,0.105363412,0.017996882,0.010744166,0.02980012,20.16001303,145.3325085,2.590018181,0.815427617,3.600593876,0.059205559,1.846839169,0.284899992,,,,,,,,,,,,,,,,,,,,,,,,,,
22.21900184,21.75628189,8.368004741,6.084864496,1.611833509,1.302826356,0.294015808,1.169804947,0.054838018,0.048669927,0.181761685,30.07049458,172.0316791,9.77127712,2.167610069,59.11470074,0.141153344,3.087890316,0.32864224,,,,,,,,,,,,,,,,,,,,,,,,,,
21.74632082,22.86704958,8.432237621,6.371873627,1.667479641,0.619441638,0.213264447,1.334014962,0.031403452,0.049712898,0.41983707,32.68525507,206.9371531,9.155404057,1.90461881,46.28553857,0.175113922,2.906557026,0.324722083,,,,,,,,,,,,,,,,,,,,,,,,,,
27.1134895,28.94824264,8.522588804,7.098518259,1.986351899,1.935921311,0.360432732,2.893238999,0.066491065,0.090864384,0.51050801,47.65149877,242.0794748,11.97602054,2.257692857,89.61253082,0.24094218,5.692541241,0.412373602,,,,,,,,,,,,,,,,,,,,,,,,,,
23.29384468,22.54049671,8.433540595,6.506311325,1.670632253,1.113275199,0.226063372,0.368017685,0.046278661,0.025613907,0.252825078,25.79504491,198.1074257,8.24778083,2.160796302,54.95297044,0.138991483,4.372746044,0.357776179,,,,,,,,,,,,,,,,,,,,,,,,,,
23.16150073,21.52431184,8.44034181,6.201374131,1.666561189,1.895929348,0.218227099,1.615628464,0.042708437,0.048857537,0.330873976,28.62946843,163.6521293,9.256237292,0.941828134,21.1202237,0.0859255,2.016275868,0.343749935,,,,,,,,,,,,,,,,,,,,,,,,,,
20.78873121,20.15859201,8.319799618,5.702706492,1.503005013,0.462696538,0.161454302,0.11395161,0.011189666,0.018720784,0.012536938,24.13120426,101.5484455,4.08781146,0.53420111,2.834836131,0.036706913,1.196426444,0.174817245,,,,,,,,,,,,,,,,,,,,,,,,,,
19.8159297,19.83102931,8.109202231,5.575877994,1.432726296,0.464847428,0.162393337,0.125840815,0.015997722,0.010550209,0.034702723,9.568568114,104.7401335,2.757278711,0.701692863,4.059262243,0.023790826,1.005026747,0.170162158,,,,,,,,,,,,,,,,,,,,,,,,,,
21.96689106,22.75761928,8.433399078,6.184344252,1.639987057,1.240448885,0.290625657,0.775824298,0.031360612,0.036776103,0.19607081,31.18305453,181.768114,8.488862007,1.034812748,9.456315834,0.112028098,2.947796482,0.319050864,,,,,,,,,,,,,,,,,,,,,,,,,,
21.73856766,19.38592544,7.9853141,5.829000127,1.507749136,0.265214501,0.162755845,0.164535165,0.010378553,0.012938392,0.039155716,23.53127048,135.7624104,3.747951229,0.318619098,3.954225138,0.042205863,1.211213694,0.252993221,,,,,,,,,,,,,,,,,,,,,,,,,,
21.22134405,20.49759361,8.043864853,5.808852114,1.563335029,0.334302335,0.150044031,0.142991569,0.013320774,0.01259192,0.013161819,21.37027472,138.7761864,3.557527699,0.339384594,3.62192825,0.055758866,1.676016443,0.165217129,,,,,,,,,,,,,,,,,,,,,,,,,,
21.56436612,20.72545985,8.335223993,5.524855872,1.571123111,0.380293702,0.134832719,0.080241996,0.025248115,0.011300948,0.030051554,16.33976057,142.0273077,3.335721823,0.628021474,2.962373425,0.010577335,1.842949436,0.197115312,,,,,,,,,,,,,,,,,,,,,,,,,,
19.70797985,18.6926088,7.612543567,5.343708108,1.393342526,0.096454784,0.079756807,0.039954167,0.00352728,0.001260289,0.001619715,3.45673302,30.00199004,1.295404923,0.082576133,0.098695234,0.003071959,0.166954816,0.14608572,,,,,,,,,,,,,,,,,,,,,,,,,,
20.2883353,19.95257021,8.32350712,5.946271252,1.506790455,0.291514216,0.199448739,0.156746869,0.024214187,0.019253718,0.016409374,12.52677614,100.5297155,2.499340735,0.353071048,1.868139068,0.051229333,1.635821039,0.266611755,,,,,,,,,,,,,,,,,,,,,,,,,,
21.04861372,20.70417335,8.328732075,5.995091378,1.48008093,0.436553858,0.145381654,0.174135962,0.019022895,0.018492291,0.018500232,15.18102454,140.5302353,2.053954959,0.460142627,2.618800995,0.017051478,1.178158875,0.231117135,,,,,,,,,,,,,,,,,,,,,,,,,,
23.2583825,22.38288854,8.363550037,6.38295043,1.625949486,0.761103513,0.218560534,0.421221366,0.035697646,0.0287657,0.122595748,29.83443488,200.8468387,7.914453798,1.518677505,25.96878268,0.094668706,2.962329868,0.333893734,,,,,,,,,,,,,,,,,,,,,,,,,,
25.4459536,29.4853092,8.447406512,6.72696282,2.2926618,2.4358286,0.311439381,2.819657965,0.071446177,0.07663599,0.653363974,46.84757145,238.6743912,12.82035027,2.470211454,85.71764499,0.256862823,5.94434937,0.393294208,,,,,,,,,,,,,,,,,,,,,,,,,,
25.40315372,31.01314401,8.485131158,7.58242044,2.111130771,1.953081623,0.327822733,2.948492852,0.069934522,0.067786138,0.481759923,33.77208368,258.407743,12.1609102,2.410063582,90.65654382,0.250399522,5.902804921,0.401323321,,,,,,,,,,,,,,,,,,,,,,,,,,
19.90150147,19.39596747,8.332309699,5.735352035,1.526073632,0.456995302,0.142202779,0.069339894,0.023006874,0.019018964,0.026775402,11.37696241,135.2733008,5.104281632,0.486443719,1.92914073,0.056009896,1.229991874,0.160364727,,,,,,,,,,,,,,,,,,,,,,,,,,
26.03673328,28.98984266,8.545845795,7.027247232,2.239193102,2.022700849,0.3855539,3.01617803,0.069147042,0.089166062,0.766722761,33.25577012,260.3102773,12.69689604,2.306822766,87.4848365,0.190301588,5.981854055,0.396527374,,,,,,,,,,,,,,,,,,,,,,,,,,
21.08751646,20.81836443,8.071131158,5.658132883,1.508672266,0.306016742,0.157655533,0.16870202,0.022638024,0.010763536,0.027799193,21.05258649,106.8209641,3.796637597,0.233917273,2.569698752,0.031764829,1.823571609,0.163070588,,,,,,,,,,,,,,,,,,,,,,,,,,
28.6870257,32.44056192,8.487831273,8.587905085,2.169951584,2.534866638,0.429527175,2.485275845,0.071917411,0.078803653,0.435616728,37.21786836,258.1500521,11.57038678,2.456236702,89.25544773,0.235654543,5.253401767,0.40704456,,,,,,,,,,,,,,,,,,,,,,,,,,
28.22801809,28.71753807,8.531114629,8.986493194,1.884525649,2.261725886,0.393197743,3.003834552,0.079712693,0.079212736,0.583350492,42.35265912,261.021447,12.07954193,2.323146312,85.6105137,0.265902216,5.595467273,0.400943269,,,,,,,,,,,,,,,,,,,,,,,,,,
18.99743223,18.36808135,7.752289285,5.367415094,1.36456371,0.134943982,0.025631192,0.033872637,0.002108437,0.005500229,0.003568513,0.742418136,22.69085731,1.674358238,0.050258103,0.027832711,0.005749137,0.996024844,0.075145809,,,,,,,,,,,,,,,,,,,,,,,,,,
27.86939753,29.95838125,8.534274011,6.802487242,2.19199401,2.217287491,0.321530489,2.429656407,0.076082042,0.071898477,0.792773233,48.09455603,235.362417,12.13594629,2.556829466,92.07502977,0.192042798,5.233955067,0.390048721,,,,,,,,,,,,,,,,,,,,,,,,,,
19.09659039,18.62427771,7.727711067,5.437713075,1.412984304,0.14292956,0.060557666,0.020492594,0.003264236,0.008482361,0.00197317,1.94199265,47.70686766,1.570159805,0.118658645,0.182978133,0.000490619,0.137774766,0.050338597,,,,,,,,,,,,,,,,,,,,,,,,,,
22.3088357,21.95736792,8.384441389,6.299763616,1.579968911,0.506086371,0.306392108,1.877493169,0.032537348,0.031832774,0.40466983,31.68120486,204.1803399,7.456302198,1.755455239,57.65419961,0.06974174,4.258918144,0.389915875,,,,,,,,,,,,,,,,,,,,,,,,,,
19.7535823,18.60340305,7.957877068,5.345112119,1.390758344,0.147777988,0.013579355,0.021968827,0.002780082,0.003523402,0.001967926,2.21984122,89.28361706,0.919319295,0.114106637,0.112420309,0.001542533,0.067605215,0.071038432,,,,,,,,,,,,,,,,,,,,,,,,,,
18.17309292,18.16668917,7.833379345,5.041304778,1.396598458,0.092252186,0.062661455,0.016071755,0.003677024,0.00641765,0.001911581,4.147665135,9.999240969,1.930294464,0.104609186,0.180186877,0.005805832,0.635821695,0.081640149,,,,,,,,,,,,,,,,,,,,,,,,,,
27.35293871,24.38484962,8.472612906,9.139790892,1.963091812,2.016467104,0.346959305,2.97024473,0.07098307,0.094540485,0.737943003,39.83344185,225.8471424,11.71933045,2.280667543,91.33346874,0.198456352,5.264069151,0.405721361,,,,,,,,,,,,,,,,,,,,,,,,,,
23.70730482,22.71033789,8.372704176,6.208877847,1.587867605,1.70519459,0.234924302,1.160923165,0.058720774,0.02731134,0.3276712,31.58419686,150.539404,7.956841363,2.205887077,10.31719826,0.064692747,5.088221441,0.338367793,,,,,,,,,,,,,,,,,,,,,,,,,,
21.03809944,20.00676094,8.033612564,5.707112969,1.44632599,0.266914317,0.169568355,0.094742766,0.026443873,0.014045949,0.033670377,13.38602992,113.7532427,2.484258717,0.573205931,4.323190316,0.058480182,1.36824884,0.258627828,,,,,,,,,,,,,,,,,,,,,,,,,,
19.6023804,17.52112577,7.729542408,5.251428548,1.314766749,0.137680857,0.033175225,0.055612805,0.00196973,0.005632665,0.003361409,2.805615854,80.44999273,1.010623317,0.116139733,0.086599948,0.002135838,0.40211963,0.012595416,,,,,,,,,,,,,,,,,,,,,,,,,,
19.03398111,18.67208242,7.895948448,5.042140356,1.426609565,0.148971943,0.059261265,0.031073306,0.004220887,0.006097864,0.001534877,2.745399207,58.74164503,1.07341149,0.074720821,0.038106126,0.008095166,0.439183175,0.021976331,,,,,,,,,,,,,,,,,,,,,,,,,,
25.40291742,23.3420038,8.484046155,7.298243803,1.891502625,2.440697801,0.331652139,2.035366968,0.071711099,0.086959389,0.532113478,44.96903374,262.6697684,12.19342828,2.449554101,90.65238855,0.229438143,5.475444139,0.399759558,,,,,,,,,,,,,,,,,,,,,,,,,,
23.63099253,21.31294377,8.438893924,6.224677786,1.72091248,0.69138283,0.278004437,1.462372505,0.046831409,0.022497052,0.348237527,28.83397655,167.4376526,7.217025119,1.314812213,23.0399287,0.15570101,2.947901837,0.350611599,,,,,,,,,,,,,,,,,,,,,,,,,,
27.32121783,23.61683805,8.519009935,7.850956895,2.487776666,1.966556632,0.316526349,2.511155652,0.065981014,0.060661312,0.54243763,33.29317512,258.9932691,13.00821253,2.531022322,91.95876038,0.2286748,5.71362663,0.394628967,,,,,,,,,,,,,,,,,,,,,,,,,,
18.84031201,17.56193126,7.769196132,5.445006656,1.342829029,0.092522566,0.093274485,0.03039815,0.00790827,0.009216021,0.002842435,2.190233676,69.53547467,2.027687885,0.08251528,0.047602157,0.00259125,0.661205503,0.102947719,,,,,,,,,,,,,,,,,,,,,,,,,,
18.53366434,18.08575135,7.694149717,5.229377825,1.401558631,0.125767289,0.020361288,0.059063795,0.004412474,0.001287846,0.001929949,2.664724202,38.38222362,1.1193233,0.083345656,0.108368917,0.002631611,0.138574811,0.117234315,,,,,,,,,,,,,,,,,,,,,,,,,,
21.05661626,20.21554474,8.236183378,5.962603295,1.526673382,0.34225056,0.120439039,0.168628556,0.017948388,0.019396729,0.015114802,15.56716248,149.5931521,4.94581924,0.645331364,2.002170144,0.025185266,1.546395181,0.261424084,,,,,,,,,,,,,,,,,,,,,,,,,,
21.75966894,22.19331141,8.381459243,6.216217068,1.602855209,1.362348248,0.257611373,1.052526706,0.053447492,0.038232976,0.151908237,26.35049827,189.627146,7.176676957,1.626766226,75.62670826,0.069408418,4.065840026,0.374782876,,,,,,,,,,,,,,,,,,,,,,,,,,
26.67958679,25.25678197,8.488543582,8.916704212,2.241784322,2.129352291,0.353735743,2.893354512,0.076569245,0.088960386,0.714799083,46.67142531,238.4773684,11.139403,2.353235735,91.61802411,0.205964387,5.55851728,0.405289093,,,,,,,,,,,,,,,,,,,,,,,,,,
25.20427941,23.44130188,8.509138903,9.118591647,2.531985197,2.095157282,0.391892391,2.637699552,0.07357151,0.075153434,0.571839651,36.46081997,234.3925986,12.00876356,2.294132616,87.43831304,0.250611481,5.594026491,0.395654444,,,,,,,,,,,,,,,,,,,,,,,,,,
20.93923827,20.63624159,8.043099054,5.841725466,1.530162238,0.285570174,0.147688945,0.139550575,0.023827745,0.018735235,0.022221166,15.70834191,103.1356757,2.284408304,0.370958784,3.400163663,0.031944298,1.416794413,0.286140248,,,,,,,,,,,,,,,,,,,,,,,,,,
18.4609443,18.99190542,7.701472136,5.48504251,1.367016899,0.155645495,0.067735032,0.010195241,0.00237482,0.002469869,0.002345511,2.17950764,50.66931418,1.106655431,0.075550142,0.084521534,0.005058476,0.127295006,0.087141826,,,,,,,,,,,,,,,,,,,,,,,,,,
18.72204116,18.39641902,7.75046788,5.158755158,1.320384281,0.108273065,0.031547547,0.029432349,0.003921297,0.007553855,0.001943166,2.977383169,15.78830116,0.893495181,0.091507644,0.174191425,0.004796875,0.547372217,0.129435779,,,,,,,,,,,,,,,,,,,,,,,,,,
21.67872969,19.91097697,8.336427819,5.593634008,1.563217275,0.351324201,0.109295137,0.146050716,0.026669473,0.018532517,0.025219889,23.48956386,121.998213,4.882530421,0.75447919,2.570690265,0.049945475,1.648022458,0.219205981,,,,,,,,,,,,,,,,,,,,,,,,,,
23.55275006,21.81401731,8.39491362,6.212556261,1.628747718,1.625116112,0.211433968,1.552251501,0.044364059,0.041836312,0.079308918,30.51295693,211.5891685,8.025468845,1.996234724,42.3459734,0.168933322,4.931000501,0.352621942,,,,,,,,,,,,,,,,,,,,,,,,,,
19.40455303,18.4110402,7.790336624,5.106523489,1.354156715,0.096802295,0.033677479,0.04355176,0.008075067,0.002802734,0.001491192,3.226938137,73.44289946,0.777168855,0.117292124,0.053600365,0.004095597,0.800302052,0.122711728,,,,,,,,,,,,,,,,,,,,,,,,,,
21.42437543,19.07787874,8.261782218,5.920535046,1.488044281,0.254509079,0.184587363,0.064840247,0.010510033,0.011864127,0.004915415,25.06548096,106.9522129,2.248376771,0.430044183,1.248734661,0.0263064,1.274214358,0.174373627,,,,,,,,,,,,,,,,,,,,,,,,,,
23.70658364,22.39612947,8.410756893,6.145795991,1.725928931,1.638923682,0.2416923,1.954206783,0.031802265,0.049978032,0.308908989,26.67813545,187.557715,7.502668709,1.146993007,9.847460253,0.152168099,4.864768756,0.382606564,,,,,,,,,,,,,,,,,,,,,,,,,,
20.7465152,20.45144996,8.282668777,5.589897848,1.535333579,0.172823681,0.144855446,0.161528491,0.010020298,0.018034002,0.027143884,22.94417454,108.9143423,3.625525827,0.263040077,2.976974078,0.057984937,1.105284576,0.295630693,,,,,,,,,,,,,,,,,,,,,,,,,,
20.74428392,19.47549099,8.09556236,5.934287358,1.533337433,0.388722039,0.166415495,0.078279809,0.022959412,0.016794776,0.028130001,12.45995575,104.9377925,4.954534598,0.21458073,2.098332285,0.024439159,1.26097144,0.2012307,,,,,,,,,,,,,,,,,,,,,,,,,,
24.91415512,24.70104283,8.543552589,7.506414333,1.917208373,2.620826968,0.411678362,2.296005111,0.076898288,0.080956063,0.590049888,37.28803585,234.0124284,10.81529687,2.538195052,90.50396044,0.192891283,5.331965093,0.413440451,,,,,,,,,,,,,,,,,,,,,,,,,,
19.7825416,20.14636111,8.093904934,5.967570547,1.519798776,0.219535606,0.122256336,0.082521744,0.02942334,0.014536179,0.010206586,20.27721728,130.3756447,4.867290514,0.566238645,2.813857199,0.051596708,1.17022931,0.257891798,,,,,,,,,,,,,,,,,,,,,,,,,,
23.16141558,21.19126279,8.403739901,6.475395746,1.701598089,1.843743074,0.202888355,0.956498408,0.052115239,0.055570441,0.119376778,29.98510911,198.1238044,6.634813502,2.057699282,15.59222177,0.170339723,5.120850408,0.300160342,,,,,,,,,,,,,,,,,,,,,,,,,,
27.85698225,25.69221465,8.54296845,7.511039023,2.081970317,1.950885588,0.319499027,2.943352446,0.07499969,0.087495423,0.809184723,38.24297592,246.2014377,12.57895272,2.254910164,85.01737769,0.217644752,5.922329754,0.407878625,,,,,,,,,,,,,,,,,,,,,,,,,,
18.20416404,18.58833359,7.897431457,5.006054162,1.370783984,0.150230673,0.004092668,0.036810092,0.005766369,0.004820111,0.002439356,1.151635842,36.05073778,1.191370174,0.027348974,0.073723163,0.008533657,0.310320906,0.142151699,,,,,,,,,,,,,,,,,,,,,,,,,,
20.08826415,19.19988443,8.00646123,5.57158958,1.480239345,0.241687292,0.141796162,0.063503708,0.02339017,0.014660186,0.032587145,15.98381686,145.8197138,5.35869023,0.240975623,2.616441294,0.011396691,1.842715937,0.157856443,,,,,,,,,,,,,,,,,,,,,,,,,,
26.9590948,32.81709278,8.44991288,6.771460861,2.309682507,2.33243983,0.44375649,2.966099479,0.065799776,0.079038092,0.663438788,48.43122741,230.5195242,10.92692434,2.372415068,84.44597445,0.246888433,5.301627096,0.39935339,,,,,,,,,,,,,,,,,,,,,,,,,,
20.21487509,20.23763705,8.057310914,5.752125669,1.539123709,0.371254676,0.10252055,0.060090319,0.022359181,0.019761736,0.005104836,14.68448688,104.8374325,2.807330268,0.470124201,3.48256708,0.031328225,1.492462709,0.265667583,,,,,,,,,,,,,,,,,,,,,,,,,,
20.15143738,20.54605487,8.310975785,5.688895043,1.47129941,0.287317688,0.162833069,0.129325935,0.021696783,0.015391508,0.03207698,8.020160839,105.2912297,5.251665291,0.836975954,1.159523326,0.02769116,1.271864739,0.193563605,,,,,,,,,,,,,,,,,,,,,,,,,,
19.51942225,18.17697991,7.634578758,5.199903978,1.355721115,0.153280125,0.092076114,0.037350971,0.007451523,0.007065198,0.002853749,4.021135559,66.50722955,1.455458793,0.036392645,0.093395754,0.003262037,0.746561907,0.128175066,,,,,,,,,,,,,,,,,,,,,,,,,,
27.15848234,31.60415482,8.547158143,8.813087044,2.046326709,2.431571263,0.425763512,2.351776112,0.075710102,0.080921027,0.460904533,45.1796861,242.0125256,12.46445229,2.28725113,87.98739594,0.236945529,5.305214339,0.403400927,,,,,,,,,,,,,,,,,,,,,,,,,,
26.69142195,24.4067192,8.450986664,6.82605458,2.391814114,2.419165473,0.375181255,2.514188554,0.064866656,0.078419742,0.708579503,33.98243052,244.8846945,11.06328685,2.376828579,87.25895424,0.234398249,5.689061284,0.399938182,,,,,,,,,,,,,,,,,,,,,,,,,,
18.42355965,18.21926974,7.896699207,5.055786345,1.373672238,0.087103277,0.062946267,0.019042298,0.001789739,0.003585444,0.003047459,2.579935823,80.06597999,1.456416046,0.116729693,0.0753859,0.002766945,0.282130851,0.057954549,,,,,,,,,,,,,,,,,,,,,,,,,,
21.87991539,22.92156671,8.381721959,6.545274645,1.687953784,0.89999098,0.247502057,1.084532134,0.036875574,0.043608666,0.262033918,30.67379846,178.3366985,9.1549812,1.177850509,47.39901553,0.128334424,3.014262717,0.31431714,,,,,,,,,,,,,,,,,,,,,,,,,,
21.23106713,19.65116394,8.180235186,5.510285456,1.452809682,0.257400917,0.132943348,0.100986149,0.029875066,0.015285464,0.005735589,21.84193819,104.5955469,3.200335,0.754075583,0.937564885,0.036568225,1.430464848,0.232822061,,,,,,,,,,,,,,,,,,,,,,,,,,
26.64915187,24.18557903,8.502096112,8.302267691,2.316519896,2.264685351,0.44865157,2.097056979,0.072661917,0.071933464,0.607245592,45.18037027,233.03842,10.95605122,2.341993547,90.62338819,0.268777983,5.79841552,0.414677043,,,,,,,,,,,,,,,,,,,,,,,,,,
29.04203203,29.34979194,8.505891537,7.078171113,2.089704113,2.076885006,0.420753639,2.704722589,0.064749492,0.086044296,0.591949725,45.45972576,242.4053665,12.55365141,2.551697051,84.79880654,0.210308723,5.679965884,0.409748731,,,,,,,,,,,,,,,,,,,,,,,,,,
22.42079515,22.43956553,8.391720544,6.609796861,1.596186146,1.793253649,0.27785206,1.10812717,0.04695498,0.022948553,0.26997099,31.05163657,216.1334909,8.291313763,1.011349278,22.23923256,0.093071813,2.477805267,0.378725884,,,,,,,,,,,,,,,,,,,,,,,,,,
18.91655796,17.63415562,7.61143304,5.346557943,1.335017466,0.113898868,0.044442269,0.047751754,0.008973638,0.000427824,0.001967308,2.553637194,16.21372638,0.94774295,0.058611674,0.134780443,0.001347293,0.112403456,0.128258867,,,,,,,,,,,,,,,,,,,,,,,,,,
24.1669876,27.24696012,8.504743402,6.804515127,2.332079418,2.408564912,0.393448575,2.604591373,0.069182801,0.078014138,0.642554495,44.37127355,225.7899231,11.06157947,2.370801463,89.84087,0.267114191,5.661888128,0.406356963,,,,,,,,,,,,,,,,,,,,,,,,,,
21.66321666,20.58791901,8.084224354,5.925103247,1.506087682,0.218951613,0.172241978,0.167683642,0.028548022,0.010898737,0.025742345,19.88031078,142.8935155,5.530794626,0.488496027,3.707718655,0.036377368,1.619733193,0.165939723,,,,,,,,,,,,,,,,,,,,,,,,,,
22.8574027,23.01870336,8.357942486,6.569499373,1.58907808,0.657216768,0.219762558,0.319504041,0.045574357,0.026762635,0.085066007,28.881551,185.8624914,6.134812603,1.373006994,6.032321836,0.175302532,4.241408828,0.337203759,,,,,,,,,,,,,,,,,,,,,,,,,,
19.59381606,18.74837461,7.869555723,5.094415666,1.354677703,0.138113298,0.027719211,0.01957652,0.000943507,0.002019344,0.001546916,3.406440216,85.29399509,1.706127407,0.055730132,0.018130488,0.001984895,0.647274348,0.134372864,,,,,,,,,,,,,,,,,,,,,,,,,,
20.57740106,19.79943734,8.249773391,5.800804332,1.470845433,0.429904799,0.186211334,0.069507352,0.012836983,0.010622221,0.006940931,19.30505497,104.9715849,6.073060951,0.618786618,1.801057228,0.043569305,1.783086846,0.199481339,,,,,,,,,,,,,,,,,,,,,,,,,,
18.62588699,17.84944149,7.736080926,5.250298677,1.32956352,0.139939014,0.026130281,0.048627387,0.000956259,0.001064285,0.002036765,2.068422292,16.36892527,0.782516531,0.033201686,0.040001825,0.008003068,0.432904127,0.077918208,,,,,,,,,,,,,,,,,,,,,,,,,,
29.0191896,30.63009943,8.492243584,6.816211524,2.549041876,2.103444803,0.315408881,2.784720805,0.071889827,0.072097532,0.509141353,37.2167788,231.9396356,10.63745515,2.29692651,84.13359287,0.202496117,5.979637495,0.40989054,,,,,,,,,,,,,,,,,,,,,,,,,,
20.29073018,20.8709066,8.320051391,5.809596027,1.545841625,0.442462895,0.177877365,0.089959811,0.026406974,0.01998538,0.012597428,24.13183616,146.6617753,2.850442932,0.887333384,0.454374442,0.055031652,1.404158456,0.20714516,,,,,,,,,,,,,,,,,,,,,,,,,,
20.13346004,19.7321647,8.020775736,5.518169072,1.549960307,0.333408785,0.157791824,0.158423209,0.028550734,0.011699574,0.03478181,17.74639087,144.0864873,4.688034796,0.847522275,0.977537897,0.047513029,1.232738607,0.164517767,,,,,,,,,,,,,,,,,,,,,,,,,,
19.83707325,19.19649125,8.077151881,5.764574654,1.565508523,0.413036766,0.159551745,0.102414048,0.023114027,0.015463661,0.035943626,23.61010479,136.2578769,5.964084074,0.485249582,2.999325778,0.047175923,1.744110638,0.154092156,,,,,,,,,,,,,,,,,,,,,,,,,,
29.96953061,32.99406128,8.493455206,7.746974617,2.026006301,2.387505009,0.455945186,2.981284751,0.068479276,0.063668413,0.66906718,37.13702331,239.6859792,11.54664709,2.253278402,85.73520604,0.267629701,5.358745339,0.397262852,,,,,,,,,,,,,,,,,,,,,,,,,,
19.15957834,17.70705004,7.930276571,5.241199292,1.3207623,0.135621822,0.064719782,0.048264079,0.002605483,0.005345517,0.001278274,2.386526976,8.109737694,1.866162225,0.029448948,0.174331816,0.004207394,0.247162566,0.137914906,,,,,,,,,,,,,,,,,,,,,,,,,,
20.47810806,20.26053491,8.21426832,5.997709522,1.430164883,0.337514404,0.183682192,0.063482517,0.019353251,0.012465396,0.034871144,4.31380803,125.0168828,3.783041122,0.201252147,2.419432749,0.048433124,1.407539656,0.159678826,,,,,,,,,,,,,,,,,,,,,,,,,,
21.74546934,22.26233092,8.362092144,6.450197141,1.649979773,0.998598453,0.269648182,0.848575343,0.047986846,0.026887677,0.233342162,28.85791464,179.3134221,8.474104183,2.117349424,39.02628956,0.129207229,3.500148889,0.314886003,,,,,,,,,,,,,,,,,,,,,,,,,,
22.72970648,22.6942042,8.440331166,6.193207597,1.679679709,0.743226273,0.234489093,1.556363505,0.048304205,0.054734175,0.397376866,28.88180289,194.3111707,6.975854448,1.410274198,13.99927471,0.117892755,4.123695539,0.366799694,,,,,,,,,,,,,,,,,,,,,,,,,,
20.1636831,20.41684833,8.334130134,5.726339449,1.507969443,0.442832609,0.106566907,0.15563841,0.021742298,0.018574478,0.017910966,13.83069065,138.3929394,2.320153374,0.375011621,2.53478743,0.026013869,1.43794308,0.17387026,,,,,,,,,,,,,,,,,,,,,,,,,,
18.50788272,18.45491839,7.649609942,5.115002281,1.349237902,0.103248195,0.052887549,0.024482441,0.007685461,0.009694954,0.002850875,2.525365959,0.161034018,1.103062494,0.025571942,0.106930581,0.005593609,0.675684286,0.082383751,,,,,,,,,,,,,,,,,,,,,,,,,,
22.46884311,21.80782933,8.39601852,6.388095979,1.620163827,1.323956626,0.29435742,0.442704893,0.047371117,0.05172371,0.339606242,30.51655352,194.9648865,10.30900477,1.44683142,5.568369887,0.15298143,5.054284328,0.353587379,,,,,,,,,,,,,,,,,,,,,,,,,,
21.86869801,22.01617176,8.419688827,6.177951857,1.626376007,1.739266536,0.233639608,1.727089196,0.047593726,0.024066322,0.366338211,32.99450355,187.5944309,9.282791425,1.523803917,61.51918135,0.086280522,3.705756256,0.342145065,,,,,,,,,,,,,,,,,,,,,,,,,,
23.78552535,22.02231054,8.439773575,6.467978513,1.687059203,1.525874339,0.216952518,1.925358264,0.033322427,0.040406923,0.290760569,26.86549437,181.7687879,9.514222664,1.919236206,47.25277605,0.143885332,4.901886471,0.317073218,,,,,,,,,,,,,,,,,,,,,,,,,,
21.67269566,20.9160452,8.291831091,6.021479469,1.554244276,0.185967147,0.177222466,0.069598956,0.015640688,0.010346556,0.015571849,11.27183345,132.4639196,3.234056362,0.448533614,1.653522521,0.021495184,1.826418561,0.29952404,,,,,,,,,,,,,,,,,,,,,,,,,,
34.41235757,18.56928035,8.154075885,5.462879071,1.323920234,43.14992124,0.084903908,0.057229684,0.55839226,0.004630164,0.003569595,3.164866735,74.65143302,1.101576616,0.058880266,0.067761952,0.000790386,0.913350599,0.037870774,,,,,,,,,,,,,,,,,,,,,,,,,,
29.21478874,19.84233475,8.060328437,5.796490286,1.530550377,17.49405495,0.115471652,0.120733066,0.315497312,0.014901693,0.025764628,25.41770517,100.4156797,5.165677173,0.702647023,4.310329299,0.056792141,1.344577595,0.209764271,,,,,,,,,,,,,,,,,,,,,,,,,,
30.8958643,25.93890561,8.11440709,8.526941511,2.251024865,22.10501639,0.430136564,2.019322287,0.333553174,0.072272029,0.732270878,42.0888395,245.3930882,12.66882918,2.37471385,89.66808293,0.222183375,5.805965119,0.411236658,,,,,,,,,,,,,,,,,,,,,,,,,,
22.45990083,22.13312592,8.357268475,6.13849319,1.682611738,0.975718311,0.231712935,0.273609401,0.048747413,0.056604071,0.182420759,33.22138301,205.3193225,6.525143446,1.735257273,53.50485957,0.089579317,4.145662674,0.383899224,,,,,,,,,,,,,,,,,,,,,,,,,,
33.32344256,18.9051662,7.687184006,8.768767102,1.33188782,0.107226996,0.051435893,0.046134657,0.007264119,0.037563149,2.741100464,2.475442641,8.904823963,2.02387764,0.047121731,0.091679804,0.004764498,0.458631933,0.096718017,,,,,,,,,,,,,,,,,,,,,,,,,,
33.23138114,20.70757518,7.816944151,5.337849016,1.445203663,0.451089149,0.15708735,0.063510135,0.013971543,0.008180669,0.545265076,16.69339275,148.1386536,3.184664311,0.630675448,1.528538767,0.055258764,1.169730833,0.193064516,,,,,,,,,,,,,,,,,,,,,,,,,,
28.9545684,21.64108147,8.110261272,5.673453885,1.668589188,1.343597119,0.223455805,1.882309756,0.044081196,0.028282708,1.653216225,29.18467613,191.1828525,7.135156277,1.856988363,7.427096517,0.063484268,4.687439245,0.386577074,,,,,,,,,,,,,,,,,,,,,,,,,,
